userid,nickname,gender,fans,follows,liked&collected
5658e60f9eb578653fe29b39,Dream-Xu-,2,455,12,4251
5af68257e8ac2b5e230622eb,é»„åœ£ä¾,1,101646,0,24936
5a59c9de4eacab5444e095a3,èƒ¡å†°å¿,1,153783,9,67195
559b9b6a62a60c20808dd7de,KRISTA_WIN,1,21912,148,6757
55deb46262a60c128766d763,å¾ˆé…·çš„Chiara,2,2471,40,33775
5b0ccca711be107c158c0aeb,éº¦èŒçš„å°ä¿Šä»‹,0,3250,449,17047
5766371a5e87e711e1f1f1c3,Yamiå¦ˆå’ª,2,99,1,776
5ab05cab11be107d2973d165,Zeno,0,1908,7,60178
59f8c1e04eacab28fc4d3bdf,Tessieliiuuu,1,4052,65,56424
586aa09c82ec3933772c4a9a,S.L,2,5798,17,45736
56603ade0bf90c6b558b0021,æ°´å½©å”æ¸£æ¸£,1,871,6,2811
5ae2013f11be107a28944ac1,è•™å­å‘€è•™å­,1,93752,10,362921
5837a27e7fc5b863e69092b7,é©¬ä¸è¾£,2,279,27,1616
5912a2d882ec3949a3d2e8f5,ä½•æ­ªæ­ªyy,1,4440,18,44552
5936431c82ec391d8bd24b66,æ¦´è²ç”œç”œåœˆ,2,736764,208,397790
5b2a63ae4eacab7f40be5ee5,å¨œå¨œè€å¸ˆ,1,23547,17,122635
5b18ee46f7e8b9423eac6e6e,è‹¥æ­¢,2,33,0,1429
5b133e1ef7e8b92902f18d45,éªéªä½³éª,1,1777,0,56578
56e81e5c1c07df744ebd90eb,iamè‚¥è‚¥ç¾Š,2,107086,443,1445775
5a62aa0611be1066afbb30ae,é€†æ—¶é’ˆ,0,6313,26,65294
5aa680eae8ac2b640dbfd51a,å¯çˆ±ç—‡æ™šæœŸæ‚£è€…,1,3731,27,62529
5aaf4d05e8ac2b06195d3ef3,å¯è±ªKaiho,0,131103,24,36900
5aeb0bfb4eacab276f62bcf9,é˜¿æœ«çš„ç¾é£Ÿæ—¥è®°,1,55525,63,489226
56d40de94775a70c6fe5ca3b,çµå„¿ç‘¶,2,7815,24,19317
553fa9b4af81472d49d085b4,ç±³ç’miumiu,2,23182,238,52567
57c5a4d082ec391d857d557e,ç¾ç¯èŠ±èŠ±å­,2,4427,62,59558
574508305e87e74f7e891eb5,boå¦boå¦,2,1686,50,4890
5a6dbb114eacab40e441163f,ç›–ä¸–è‹±é›„å•¦,1,20,6,112
54e57b74b4c4d67aaf3160e2,dora ji,1,332,57,8603
5a65d744e8ac2b7c1aaf026c,é˜šæ¸…å­,1,959797,10,292301
55baca2cc2bdeb7900512a1c,æ˜¯TamTamä¹Ÿæ˜¯èƒ¡è‚‰å›¢,2,314,38,4837
56a5053f50c4b419a2022963,ä¸€ç‰‡èµ°å¿ƒæƒ…çš„äº”èŠ±è‚‰,2,548,72,6845
593f05045e87e72100d6086e,ç¿å¦®å¦®å¦®å¦®,2,4322,31,71954
5ad577e6e8ac2b2ad36ceb77,æ±€è‘å¤®å¤®,0,9269,8,51988
59d817466eea885c554ac585,é™¶å–œå„¿,1,229475,14,514274
5ab0762711be100fb19bdb16,ä¸ƒå“é²¸,1,6433,16,70735
5aec6bb44eacab4c82504a85,é‚“æ¢“æ­Jason,0,20695,11,23213
5adeb3a311be106542f45beb,æ··è¡€å››å¨ƒå¨˜,1,14187,42,19358
5b00f54ae8ac2b2cb96334bc,88888888USD,1,5292,79,75669
5a73c9a8e8ac2b5de8788eb5,åˆ˜å˜‰ç²,1,324231,0,144419
5b2620efe8ac2b3b34f5bdae,Bystander,1,7744,8373,4275
5962082850c4b4392fc7a1be,ä¸€æœµå°èŠ±,2,1461,17,30310
5a79584d11be103887778503,ROYë°•ì •ìš´,0,79175,18,183494
57830d9e50c4b47b688f7353,Chicå°ä¸¸å­,1,1203337,266,256274
5a937108e8ac2b455cf5cfbb,é€é¤å‘˜é˜®é˜®,1,15813,36,243961
5a3fb06611be106d3959b42d,æ­ªè…»é…±,1,14795,43,109372
57b13c2e82ec395d913f4d2e,å°çº¢è–¯5B3F1696,2,173,15,1611
566cf782e00dd82be76aac75,Lyz,1,3331,23,11840
5ae015f74eacab1bce7f559e,å°çŒªé…é¥­,1,16721,43,51498
5afe073511be102013a0f128,æ¨å±…ç„¶,1,52869,10,130915
5a6eb5c111be1025c07e36a3,ICELANDå²›ä¸»,1,2850,23,25806
59b7cdea5e87e71c0e87e906,æ­¤æ¬¡é‡èŠ±é‡‘å­,2,44376,39,521287
5984ac2150c4b42c414a27a9,oshbubbletea,2,1265,52,1959
5a827cc011be106bb55d9a19,FANæ·³,1,16239,10,63251
5ad4591d11be102ee399998e,_æ´å„¿,2,9513,8,40995
5ac6498911be10332b285dec,Better ',1,143,2,2965
58571c8c50c4b476cf1fd57b,æ¢¨ä¸¸å„¿,2,785843,162,248144
5aa5096ce8ac2b3947ee481d,å­™å¤§çˆ·çš„å°åƒéƒ¨,0,184458,26,919894
59d0e77f51783a4be8373d40,æ±Ÿé›ª,1,420,36,4170
5a747a7ce8ac2b215c98d8ef,æ¬§é˜³å¨œå¨œNana,1,1971504,12,845998
5b324e034eacab397242d0c8,å®‹è½¶,1,32423,1,12688
59a0b8c85e87e73f76e9a4de,é£Ÿè‘‰è€…,2,6663,0,56407
55cd0a1858944608e05745e8,å“å“Ÿå‘µä½ çœ‹é‚£æ˜¯å•¥ç©å„¿æ„,2,622,14,8348
59ec4b464eacab6a52734c7a,moeY,1,99063,295,192514
55b0c198e4b1cf70ded1348f,è¶…çº§å°èƒ–ä¸Ember,1,3018,39,23524
5a1e61604eacab1bcc2bb43b,å°ç²‰èŠ±å•ŠğŸŒ¸,1,1160,18,41624
5ad209234eacab306fbf5251,å§œå§œ,1,2032,27,5624
594f2cf95e87e71407d3e586,èŒå»·å„¿,1,354,14,1831
58b3fe735e87e72affd33223,huzebrang,2,30,27,96
5a152ef8e8ac2b5c7a805197,åƒè´§è–¯,0,716998,762,634524
596457ff5e87e76b7784e925,æ˜¯å·å·å‘€,1,2568,3,23438
566abef05e87e70fea69cc4d,æ£®æ£®å°å§åœ¨æ‰“æ»š,2,128183,60,165596
5a9ca7f94eacab7a1ee810d9,å°é¹¿é…±,1,66043,68,297197
55d87627b7ba2262952ce947,ç¥é©¬æ‰‹å¸é¢‘é“,1,1274,13,2570
590f46935e87e7435e69852b,æ‚ æ‚ é£ŸåŠ,1,34791,30,111964
5b3f1fda11be10073c31a831,æ‰‹å·¥åŠğŸ˜,1,9,2,90
5b20b55e11be101e80449205,Estherç§äº†ä¸ªè‰,1,4727,33,52271
54774a22d6e4a93b090f5f10,çš®å°åŒ—,2,1765,63,18649
5834cad782ec393d658213b0,å¼ å˜‰å€ªnicole,1,357933,7,158657
56697e3903eb846e559227ab,beautyæ¶µ_,2,1643,11,38717
5b3228ce11be100efb431a6a,ä½•æ´,1,9554,0,3696
58ff60f75e87e74c4cfdc7f1,å¼ å°å_,1,4848,31,31982
5acda3b54eacab23b698fb6b,Vanllylee,1,1329,181,7187
56b692384775a76367336a6d,å…å„¿Lamanda,2,75752,1922,306420
566e5924cb35fb4d283c25af,æ˜¯ä¸æ˜¯Danny,1,899297,126,188373
5713a66f84edcd22c921755a,å°èŠ±_Hxs,2,8,7,16
579ffd4d7fc5b8076870d870,æ²ˆå°é™,2,125163,343,404364
589892d56a6a6946dbf07566,ğŸ€jiajiababyğŸ°,2,2560,6,7915
55bcd903f5a2636a0a837cac,AYUEé˜¿æœˆ,1,400840,392,82645
56509e0d9eb5782270a7b5ea,ä¸€äº•è±š,2,36699,268,58358
58500a4182ec3918d03dd115,YUANAYUAN,1,17748,102,106249
58006ed66a6a69271c903803,é˜¿è¿ª,2,960,2,45107
5ad940b411be105c406bf6a8,æ¨±æ¡ƒå‘³çš„å½æ­ªé…±,1,280621,56,971733
53e8f39bb4c4d61b38fd6353,æ¨æ›¼ç¬›æ˜¯å°éœ¸ç‹å‘¢,2,14322,73,27449
5711a3b11c07df60b079b2cf,MiTao-æ³¥æ³¥,1,13175,22,89105
56bc06746a6a6962aa13287b,Renesmee,2,79,44,1391
58bad4196a6a696a6253afe0,Chili-å¾è¾£å„¿ğŸŒ¶,2,47265,16,236198
5844170d5e87e740aea91068,å—æ°´ä¸åŒ—è°ƒ,2,112,8,2548
5a7290ac11be105ae3b8bba4,Lara Wang,1,342,35,770
56efea6b4775a7043079b390,Ireneæ—æ©å¦‚,2,2071846,225,944025
53154482b4c4d64f5296aecd,å¼ å’¸-sa1t,2,55558,40,103315
577d16a550c4b453e41ea5e5,ğŸŠFeliccciağŸŠ,2,3604,121,41649
5913c9c96a6a6923094b63ad,ğŸ¤­å‰çˆ·ğŸ¤,1,70,11,2715
588f8f3f50c4b41050025ac9,Beiraå…”,1,4678,19,58049
55fd8b13a75c950f82c65953,see_U,1,23,30,20
58df08d36a6a69703bfd8e83,ä¸€ä¸ªé•¿å¾—åƒç¾é£Ÿåšä¸»çš„å¥³äºº,1,15585,41,161418
59e418e06a6a6932997bbc00,ç‰›è‚‰å¤«å¦»å‡ºé€ƒè®°,1,1988,60,14773
5947879682ec392aa2d77073,å®‡å®™æ— æ•Œå°å°å˜‰_,2,338,5,3228
583780255e87e7094d6bc254,æš–åå…­,2,1766,13,41870
56252f1af53ee07f4bb3f1b9,ä¸€è‹‡å°ä»™å¥³,2,28714,115,57966
592d3c8a5e87e754faece77a,çƒ­å¸¦æ½œæ°´é±¼ğŸŒ¸,1,20,16,162
5a73b36f4eacab43081a6aaa,è®¾è®¡ç‹®å‡†å¤ªå¤ª,1,56789,90,202628
5b2f06264eacab36f9243bc6,æˆ‘æ˜¯æ”€-çPan-Jan,1,328,129,3789
5b2ba2914eacab2ad0a92a44,å¼€å¿ƒæ¯”çˆ±æƒ…é‡è¦,1,9982,0,122139
5972871750c4b4222b9a9291,å‘€å’ªçš„æŠ¤è‚¤å½©å¦†,2,26284,92,317444
57e73e7f5e87e734c2209530,å‡Œå¬é›¨,1,2526418,365,1274163
548579d12e1d936e9c4fac62,ä¸€åªç‰¹ç«‹ç‹¬è¡Œçš„å–µ,1,2360,4,46088
59e0ff1820e88f4721ad51e0,ä¸»æ‰“å¥å·,1,925,51,2047
5af100d311be1058ddad2a51,uuusmile,1,16390,21,272829
5b1f25f54eacab70e4757e8e,ä¸¥ç—˜ç—˜,1,11505,20,39248
559dec7ce4b1cf53c629bfab,å“æ¡‘Mao,1,1059,49,21692
5b3b5fc6e8ac2b084a1c3e34,å°‘å¥³ç‹™å‡»æ‰‹,1,682,0,22446
53dc889bb4c4d632360adde6,é»„ç¾ä¸½,2,140339,719,410969
599aac2982ec3920bc414b1d,å°å¦®å„¿,1,1546,16,23333
58cd59bb50c4b42d2e7d8073,è‚‰é›¯,1,49873,102,87607
59ecc4bb11be106462329d1b,æˆ´èŠ±å°‘å¹´,1,508,51,13725
5a94c39ce8ac2b1a31e83e10,å¼ éŸ¶æ¶µ,1,2809179,11,1598459
5b3f3f634eacab29561f2cbe,ç”œç”œå¦ˆ,1,4027,4,61765
5816de126a6a692826366d0c,ä¸€ä¸ªä¸èƒ½æ²¡æœ‰ç¾ç”²çš„å°å¥³å­©,2,8920,3,60310
5b1defd9e8ac2b023a2d902b,ä¼šé£çš„å°åœŸè±†,1,1164,8,29236
59e0693f44363b69eb51a4f2,æ‘„å½±å¸ˆ å·¦å³çš†è“-,0,904,9,2968
5a896dfbe8ac2b1b32e5fbc4,VivienneVå“¥,1,4177,25,11453
5b3a3b6711be104109453466,å‡ºé€ƒçš„å…¬ä¸»,1,51,4,1072
5ac74cc84eacab49fedfd0c6,é™ˆç´«å‡½,1,6978,1,1700
5aa6061f4eacab09f53a8598,é»„å­éŸ¬,0,308418,0,127299
59eee5a74eacab42fb26b6b3,Liu,1,1463,27,4932
5a63188e4eacab3e44818756,å¼ é™åˆ,1,15232,0,6398
5437dbddd6e4a94540eb81b5,é™ˆé”¦åº„,2,1830,74,15344
5b4224f011be10665c4772b7,Vivianä»ä¸å•°å—¦,1,6,4,27
5a8ab4d2e8ac2b33c7813f71,è¹å››å²,1,1,2,11
5afa8a67e8ac2b417814c4ea,REDhomeå°çº¢å®¶,0,8299,264,37862
5b33b95811be1045002816cf,ç”œçš„å°ç¾Š,1,3647,34,66840
57bf21b85e87e712347c9f74,å¼ ç±³å„¿Amymin,1,3071,15,13964
5a7a01114eacab065668931c,Anything,1,9097,55,68416
55f2b91df5a2632b2c1d4286,é™ˆé€¸æ…§,2,2565,38,18334
5911b56f82ec39315b212e8b,è¥¿ç“œğŸ‰,2,68,17,393
57b08a18bd0da566bf4ab332,é€¼å›¤è´§çš„ç¾ŠäºŒå‚»å‘€ğŸ’•,1,2455,29,65897
59b1ef6e82ec396d46a900a9,painåªæ˜¯pain,2,1108,152,2369
5914109782ec392c78eabc8e,ä½ çš„å°ä¹”_,2,1381,34,10144
5b21e062e8ac2b470a1816b6,æ¢é€”æ—…è¡Œ,1,306,5,1922
5b20bde24eacab0f2b09e5ff,é²œèŠ±æ€»æ˜¯æœ‰é­…åŠ›,1,1512,0,21538
5658144d7c5bb84e91027c95,(â—â€”â—)Koala,2,201,3,1600
5933551550c4b464a01cbccd,MeghanèŒèŒ,1,13147,16,46356
57471ba45e87e72ed7fdc6d2,Rainrose_,1,2785,41,36739
564e096ec2bdeb75f2b3f33c,å²›æ—¶å‰,2,8145,79,108681
55a79f11c2bdeb606497bca2,  é›ªç¢§ä¼´ä¾£ğŸ’“,2,154,26,1992
54f6f5952e1d934fe40dbec0,å°çº¢è–¯5B41131F,2,941,68,30465
5ad76307e8ac2b15bcee30dd,Akrisweett,1,35,3,580
5a5bfb24e8ac2b5a0864194e,ä¸€æœµåšå¼ºçš„è˜‘è‡,1,14820,5,202145
571f13bdaed7584f4e86c505,æ¤°æ±å°ç‹å­å•Š,1,22092,82,287064
5abb523411be107ecc7123ae,å§å§,1,199,26,1064
5b30973ae8ac2b7ed85891c6,å–œæ¬¢ä½ ,1,2505,5,48549
58993aed6a6a6941dfba7cd3,è¿½å‰§å°‘å¥³æ—æ·¼æ·¼,2,14262,16,67004
5482de3bd6e4a96b16132b61,è¥¿è¥¿ç²¼,2,1040,29,5413
59e494284eacab336335a1d4,ä¸æ²»é“,1,3414,36,41453
5ae7ec584eacab40b7c97e62,å¤åä¸€çš®ä¸€ä¸‹,1,8921,11,96069
5aee8ef211be10388d060b6c,åƒå¯æ„›é•·å¤§çš„,1,6257,55,109624
580ecb015e87e75cf033751e,å‡¯è’‚æ¢¨å’¯,1,97838,106,37842
54acec75b4c4d605dbbf7722,å¥½ç”œçš„é±¼ç±½é…±,2,1487,76,5311
5a24beda11be1054b1070618,å…­å…ƒé‡Œç¾,1,1206,14,20454
5ac11b444eacab67f136094e,é—¯é—¯ğŸ‘Š,1,5041,6,84697
587bcae982ec390ad418c12d,ç‹æ‚ æ‚ luvuuu_,1,5945,169,24391
565e96176a6a69402b907cf4,Zwhå©‰å…’,1,4792,26,50434
5b0b709011be102e03edf30d,è’‹å‹¤å‹¤,1,87002,0,44746
5a05334511be1052e3b742ca,carolè€ç™½,1,5639,13,21310
564c0fc2b7ba225d85ad192c,SugarandCream,2,52001,164,39146
5ad59bfe4eacab5329716602,ç‹è‰ºæºAction,0,4006,49,8688
593b5f4682ec3934e09453a2,æ±Ÿå°é±¼å‘¢,1,48,35,544
59d397c682ec3921606e400b,Aky,1,3443,12,33287
55eba7305894467e18d37837,Super_Candice,2,29971,66,141981
5ab5bc7ce8ac2b068e2d0ed1,åƒä¸èƒ–çš„å–µ,1,83888,23,441719
581e97516a6a6926fea34237,Lj-luan,2,9,21,0
580062136a6a69786062b674,ElfinHouse,2,516250,121,441100
58b534205e87e759e2e87b02,yukifuuu,2,590,66,11068
5aed3d724eacab31d35121d0,000,1,87535,51,633703
59bf90d051783a2427f92068,UNAWanwan,2,522,28,4331
586f672b82ec3967305a1ff4,ç±³è¥¿è¥¿âœ¨,2,19372,56,18986
5ac919f94eacab17cda74384,feağŸ’œ,2,1539,1,26107
5b0eb48d11be103c142cdbc0,evleven,1,400,10,6483
5a97ea0411be102a5a2265c2,ç½—èå¡å¡,1,1432,78,10790
59911b6150c4b41770be13be,éœ²éœ²éœ²éœ²éœ²å–,2,41196,16,120968
56826634cb35fb7e671d6bfc,ç”Ÿæ´»è–¯,2,3138138,1505,2379869
594940cc6a6a6918d1238b69,å–µ3ç‹—4,1,10027,48,148982
5af42c854eacab5619835f8d,æ¨ S,1,963,77,34478
5b1bf0c311be107a0c12b6de,è¿·ä¹‹å¾®ç¬‘è€é˜¿å§¨,1,28,10,1076
55faecd167bc654bfa38bc4b,å§œåœ¨èµ«,0,562309,8,895724
5955ba4c82ec3975c6ffbd35,å¹½æ¢¦_qifiangfiang,2,13,1,105
5af3f7d6e8ac2b41762ac4ae,å°ç”œæ¤’Rukia,1,14345,38,51009
59ed9b43e8ac2b7af7a49684,ZiCoLa,1,7835,131,17993
53312980b4c4d6538568d8af,Jennyhigher,2,486102,327,250593
59a16b145e87e746d0d7a6c1,è–‡dango99ğŸ€,1,377,12,4020
5aaf2a1611be106d5c2ea754,äºŒåå…«å®¿-æ°‘å®¿é…±,1,1239,6,6490
5a7d538f11be1001ed6db385,å¦®å¦®anyway,1,150058,54,304229
55aa0cecb7ba227e410b3754,åƒç³–çš„å°å¯çˆ±å‘€ğŸ’•,1,2502,37,24086
585aaa3f5e87e7371fcd94cd,âšœBeautyğŸ’ŸPartyâšœ,2,439,23,3072
5902d05250c4b4711ac9eb41,_é™³å¯¶è²_,2,1961,9,15028
5adc8bf64eacab792c30f7df,èŒ¹çµ®,1,7407,45,142455
56a2b732b8c8b4773f5c9a8f,åˆ˜èŠ¸,2,50383,0,12744
5abb15dd4eacab6fbea4d384,å´æ˜•,1,1697378,19,682754
5b225dffe8ac2b0498669db8,å¼ ç™¾ä¸‡,1,1069,24,30535
5b3f37e44eacab24d23b0b67,ç”œè±†è¿‡å±±è½¦,1,74,25,317
5b1e02d24eacab172f5668fb,å–µåŠè·¯çš„è›‹è›‹,0,7,11,111
5732bdf582ec390aff193608,helloæˆ‘æ˜¯æ²±æ²±,1,1151150,179,318101
565a17536a6a694b3986d3be,Candy,2,42,48,256
5a821e6d4eacab285e395002,ğŸ„çš„å®ˆæŠ¤è€…,1,12,4,101
569623ea50c4b455d6eda955,Jenniferonly_,2,331,32,6104
59ef7ce34eacab53e1584189,å•Šå²‘,1,558,11,1787
578a10e382ec3957b2b2bbf7,é’å±±é‚®å¯„,1,4352,26,12663
574ebe0d82ec3959ea9521fc,ç¾å¦†æƒ…æŠ¥å±€,2,3139331,1282,4038748
56a1d68e5e87e712bd1d83a5,ä¸€åªå¥¶ç“¶ä¸«ğŸ¼,2,2599,40,18562
551151b0b4c4d666be11c16b,JasmineèŒ‰è‰å„¿å‘€,1,16889,48,40878
58306e4982ec396578c236e8,å°å°è¥¿,2,6557,132,104199
58e4950b82ec39564ced8922,è’™è’™å¦ˆ,2,136,21,1590
5b38275011be104a437bcfbf,Kelly,1,155,10,1149
5b20b760e8ac2b41837aaa3a,è‰è“å°é£ä¾ ,1,2286,35,26837
5aa76e614eacab670e3311a9,å©§å¦ç¾é£Ÿ,1,23920,48,195552
55dd9f37b7ba22683f853bf0,å´”å§,2,7732,0,8138
59b74a5950c4b40cab41276a,å¼ æ²«å‡¡MOMO,2,335775,6,458838
576f233f82ec391f3a8a6255,0CM,2,96061,60,41482
5b20e1ade8ac2b54287662e3,é‚“è,1,52482,1,20168
5a93f308e8ac2b7b12520a1e,Dearlangzi,1,2859,16,24156
5b057f044eacab452858fa81,ä¼Ÿå,1,8882,25668,4595
5aa1589811be100921c2cff4,é’±å°è¾°,1,31,15,715
563f4c7862a60c273b78140c,ç¾Neeåœ¨æ¾³æ´²,1,127685,35,298416
5658f77c0bf90c3037befd57,å¤§æ¡‰æ ‘å°æŸ æª¬,1,686363,89,123416
58fea24e5e87e7149ae8d116,å°ç²½å­Selina,1,421277,71,1598597
591e4a9a50c4b4629d362d86,Angela,1,464,14,6850
54ba1e682e1d9353c608ebc6,Yuä»Šå¤©æ²¡ä¸‹é›¨,1,95,174,1621
5985ca9350c4b40644466956,ä½³çªç³Šç³Š,2,2123,86,35942
5b13473c4eacab1186116b06,å°å¶‹é˜³èœ Haruna Kojima,1,7107,4,2164
57b4421450c4b416b711f415,é™ˆç™½ç¾Š,1,1715586,126,676701
590e89be50c4b45e4ae66453,Akiiiko,1,137112,71,91119
5932797482ec3933f1a7cd08,ğŸ‘§ğŸ»æ±‰å ¡,2,1557,12,43079
5737166082ec391b84ee54b3,äºå¿µæ…ˆ,2,45214,23,58214
5481a228d6e4a968fced5a54,summerğŸ‰,2,999,9,30071
5b1bf981e8ac2b1da9ea78fd,å¼ æ¢“ç³,1,52794,0,16430
59e2c9d4db2e601870c92429,å£¹å£¹é…±,1,3787,48,77872
59d9677420e88f5a861f425a,æµ…å·æç¾,1,13156,201,135387
599529b682ec392df48fbf83,å›¢å­Eè²ğŸ¡,2,416452,165,104418
5aa7e4d14eacab2718520cba,å¤šå‘³çš„æ»‹å‘³ç”Ÿæ´»,1,7549,793,80657
5ae430d3e8ac2b04befa448b,è¯—ã€‚,1,1314,1503,1249
5a5565c511be1063b2a7b574,æœˆé…±,1,8491,29,96888
5b0ceb654eacab17bada6947,æ—å¤–é¹¿,1,102,29,1490
5add44814eacab4d06148107,åŸç¾½çº¯,1,743,4,2567
5a0f16984eacab3bef2561c3,å°è„‘æ–§,1,187,14,2683
599be12b5e87e75937560f7a,åƒè´§å°å…¬ä¸¾,2,1139,5,22420
5908849f82ec3927b0393b4a,66å§¨å¤ªå¤ª,2,1014799,41,471646
595e13e55e87e716a4c447f0,Kevin,2,3925,65,54007
590b1d2050c4b431e29b0b05,å…´å…´å…´å¦¹,1,99,4,1721
59d5f9b444363b0f34ddd12f,æ˜¯åŠ è´é˜¿,1,49,144,376
5b3c9f3f4eacab720c9f4246,å¿ƒæ‹æˆ‘ç™¾è½¬åƒå›,1,1958,0,30587
59e83998e8ac2b0ac0e40272,æ—¶é«¦æ˜Ÿer,1,31352,10,29353
56052fda8a75e13fa9d8d8f2,bcå¦ˆ,1,2411,54,7103
56f37aa44775a76ab1509042,å¥½èƒ–ä¸€åªçŒ©çŒ©,1,49,158,489
5584e9183397db232de1c9ec,CoConut_,1,1785,145,23978
54f66a334fac6354427ba4fb,ä¸¥ä¸¹å„¿,2,386,51,12518
5a6130b111be104de73c3a1a,ç’‡å„¿_Tereza,1,269916,97,394094
59fa3f3c4eacab5cb162c630,è•¤äºº,1,17284,18,37503
5a963566e8ac2b5823faf762,éŸ©åƒé›¨å¤§è¡¨å§,1,21053,21,158769
5720d52a4775a718c857a356,viki,2,35,30,109
5965733950c4b47b76c7a18c,å’¸å’¸å¤§äºº,2,693342,4,136681
558a856e67bc6577c57138bc,æœˆèŒ«å°å¦–,1,947,67,11539
5b1a3a754eacab40815c98b9,åƒè´§ä¼šåƒè¿˜ä¼šåšshtsp_girl,1,1776,406,20808
5a5cc2a9e8ac2b17d7beebdb,é›¨æ»´,1,1762,26,21086
5753aa6050c4b434ce257342,æ¢…æœ‰å…³è¥¿,1,601303,155,169238
5b2360cd11be10497dbede40,é“æ˜å¯º,0,1482,0,636
5a6987184eacab788a9fb04b,ç‰›å¥¶å¯å¯deå¦ˆå’ª,1,3192,34,38620
5a8da64611be10167bc49676,Sonya W,1,374,5,3114
555d660f67bc652a971a7a14,å‘¨æŒ‡å¯¼,2,3017,73,13388
565bc54150c4b416572bac87,KiraBabyæœˆé‡å…”,2,4113,84,66625
599168796a6a6901eccf56a1,çˆ±åšé¥­çš„å°èŠ±çŒ«ğŸ±,2,31789,40,278488
579742a550c4b467d64c645b,å¦–å­½å­™å°æ¬£,2,371990,139,109189
5a4ee75ce8ac2b4cb41b1649,Winnieæ–‡,1,3150,50,14741
57028a69aed75806bdc55da5,åˆ‡åˆ‡OuO,1,8132,11,119989
54e75df42e1d93641b721a31,miss_æ–¹å°å›§,2,706,37,4654
55d1b09b5894460878f6eb23,Eeen,2,741,7,29076
598e840c50c4b412fb942d1b,xxxTinz,1,801,11,19081
582db5c25e87e7642ffa7d68,JJ,2,68311,54,187345
55519d7cb203d93d4c2885ed,Cassieå‡¯è¥¿è¥¿,1,859033,164,200643
5a6b2f83e8ac2b3235a0b9ae,å°å¨‡,1,2113,530,27234
54ef2981b4c4d6638d4f079c,ğŸ‘¿é‡‘æ¢¦,2,119,34,691
5ae632c0e8ac2b6049024aee,å¤å¤å¤ç±³,1,25632,26,282283
588331135e87e71edc602952,å¨±è€çˆ·,0,5873,49,51957
5ae2cfe54eacab66ef5ae712,æ™¯ç”œ,1,927906,8,330095
5b41d0f311be10408a3e9d20,RoseanneC,1,20,4,255
59188ca682ec3931f14a4fd5,ç‰›ç‰›å¦å¦,1,84993,197,83231
56e4cf3a84edcd620ec41ad7,ğŸ”†ä¸äº‰ä¸æ˜¾ä¸éœ²,2,6271,88,17771
5acfe7fce8ac2b2cc26b1fb0,å¤§è„¸å¥¹è¯´è„¸å¾ˆåœ†,1,197075,147,68988
55f2217ef5a26337ebe67372,Victoriavvv,2,427,6,1473
56cf5cef1c07df56fb781916,orinå¤§ç‰›å¥¶,2,1427,20,40618
5995701a82ec392d028fbe2b,å°å°shinyå‘€,2,5942,490,82267
58dfc41e5e87e73177e7d920,ä¸äºŒæ™¶æ™¶,2,210,39,607
5993a1255e87e7207a3cf306,å‘±å‘±å­åƒä¸èƒ–,2,1036,16,22559
565057f2e00dd8080bad1cd0,å¤©åã€‚,1,905,20,4184
53e2fb56b4c4d66131c5505b,yourlittlepink,2,271148,122,155227
54fd0895d39ea21dc92f25d4,CHEERYCHIN,2,94652,137,266210
58e65c976a6a6903b9dda973,å¤§ç‰™æ´¾,2,56,87,690
591c28ea5e87e76a16b6e12a,Uncleè›‹ğŸ¥š,2,764,66,11227
5906fc3c50c4b4180196768b,è´ºæ¬¢å–œa,2,421,7,6857
55d2326e62a60c7b1aef9751,ä¸æ™“çœ¼æ˜¯å¤§çœ¼ç›,2,6689,26,46635
5871ca125e87e76500bfb978,å°ä¼Šçˆ±çˆ±å®¸ğŸ’•,2,8357,30,76499
5b20c2b0e8ac2b454ea2bbcb,Chester,0,112,40,2779
5ae07ae5e8ac2b4ef10b9593,å°è¨€00,1,37948,20,230499
5a787993e8ac2b58575cb998,é¦™é¦™deèŠ±å›­,1,4416,17,16473
5b223d8c4eacab5ed7759355,çˆ±åƒç« é±¼çƒ§çš„ä¸¸å­é…±,1,1148,48,23042
56f39f1e4775a7223298f484,Moom_photographer,2,1855,23,13520
58fed3296a6a691ce9cac776,é£ä¹‹è°·_59005380,2,426,25,3012
59faaf9b11be103624e0364d,è‹¥æ°´.,1,30,13,1029
59b3d9b950c4b42843a3686b,-è”¡å¨‡å¨‡,2,100779,189,243083
5b1a44a9e8ac2b3740da86ce,æ–¤æ¬ å¤§å“¥,1,1567,8,27167
598d275f6a6a69719dc023b7,ç†ŠçŒ«äºŒå¦¹,2,2783,49,37720
52f59215b4c4d66b2eafa21d,å°å¢¨ä¸é˜¿çŒ´,2,307682,57,42756
5995cb4a6a6a694386f84a7c,å®‰å®007,1,31492,44,29248
5a6c59754eacab285f92a5cc,Beeå“¥å¤§å“¥å¤§,1,2295,14,1929
5aba1c80e8ac2b136cd4fd22,Lå¨œ,1,44131,584,34695
5b155e3c11be1073fb5b6db3,çº¢è“ç®€ç¬”ç”»åˆ›æ„é¦†,1,6382,38,15784
5a9f852a11be10350a6070f6,æµ©å®‡ä¸«,0,978,156,16080
5b400464e8ac2b32a99d3155,ä¸‰å®å¦ˆå¦ˆèŠè‚²å„¿,1,47,1,332
584fd81c50c4b4594b3ab6b9,æ±Ÿé“ åŒKiton,1,7488,5,876
57c3c2f86a6a6956568b9982,Nain-,2,37,31,655
5759f0455e87e76ff6162d54,miko,2,164,33,975
5583f8dca75c9526b4fd4d2f,zyjhhh,1,1487,9,13140
55e064f7c2bdeb627d569e5f,é™ˆè‹—å“’,2,29954,42,69602
55aa71b367bc654bfd106658,Zå…ˆç”Ÿ,2,340,12,3129
56c2f20b84edcd085e39b188,BabyğŸ’‹,2,540,12,16790
5832623e50c4b412c5d9bf5f,T-fancy ä¸‰èƒ–å„¿,2,68,11,223
5a59808911be102dd3f9d414,äº›é‡Œ,1,839,4,18840
5a005fb011be10332ef9647a,ç»™æˆ‘åƒä¸€å£å˜›,1,2089,11,42993
548146c3d6e4a9258417c228,é‡‘åˆšä¸è®²è¯,2,294,45,8612
5a6b575d4eacab3de7976174,å°å€ªå­,1,74,71,469
576941075e87e74d81870fc9,å°ç¾æ¹‰éº»éº»,1,2967,17,19643
56dd8c0f84edcd3f08991b47,æ—çˆå®‰,1,8053,6,8222
59f824e211be1011aa2e3c2f,æ±Ÿç–å½±,1,2173746,1,387398
59dfa95dde5fb44ea88def9d,chloe.ğŸ’˜,1,1013,63,6706
5a8af0c44eacab6d006b2b85,èƒ–è„¸å‰ç¥¥,1,3618,1,4598
556885d1e4b1cf5763083626,å´é‡‘é±¼,1,2035,35,15356
5992732182ec396985732fb6,å¼¦å¤§å‰,2,17847,18,148356
5b2a66bfe8ac2b2e9257cd89,å°æ¦‚æ‚,1,113,35,1453
589bc62dfb68a2089f833fe4,XyyyyyyyX_,1,138,33,1410
548320252e1d93358f1d0c5a,è´ºèµ«èµ«ğŸ¦,2,15603,72,57678
581ace5282ec3942e5c98575,å–œç»“æ²«æ²«,1,503758,118,2391363
5ab7223be8ac2b2b48c5f82d,Angel,1,8163,7,23285
54ebcdf2e77989292ee59e63,å­¦å§ä½³å¦®,2,45564,307,106016
5a9791bc11be107db524546e,æœ«å°æ±,1,22413,1667,49065
54e57d72e7798931fc455c26,æœºå™¨çŒ«ï¼ˆè¯·è®¾æˆ‘ä¸ºæ˜Ÿæ ‡æœ‹å‹ï¼‰,2,1224,27,17365
5af682ab4eacab6a0715dff3,ç²‰çˆªãƒ®,1,13,1,126
549fbc882e1d93782226bde5,å·§å¨å¨˜åœ¨å¨æˆ¿ğŸ³,1,1912,24,28922
58b003e882ec393f0e92ea52,å¾æœˆæ‚¦å•Š,2,85795,168,158319
5485b42ce77989720a86d36d,å°ä¸ç‚¹ç‹—ç†Š,2,5568,34,66111
56ba927750c4b478072c1e80,Ritatawang,2,2792920,94,1019451
5b3c3c89e8ac2b719829f28b,å™—å™—é…±mua,1,471,11,10949
566e52bfa40e186ee0161fa4,æœ€çˆ±ç„¶ç„¶å§,2,597,11,10314
55c70a6bc2bdeb22d15d64d2,æ˜¯å°å¤¹å¿ƒé˜¿,2,200,19,600
579e3a935e87e754d9082e7c,å“†æ¥å’ªå‘æ‰€æ¥è¥¿,2,220,29,2011
5b29f16f4eacab64342e09ee,æ¡æ€è²è²,1,7,1,185
5a1501164eacab6ff23f7aeb,ä¸¢ä¸¢é…±,1,74634,295,587549
59b62b81b1da144b136c369e,fish,2,2077,7,24985
5567422de58d1335358ff1f1,CORALè‹¹æœ,1,11748,35,48180
58875b3550c4b433abf36f48,Missç«ç‚ç„±,2,4476,263,5595
5a479b88e8ac2b4a448566d3,çŸ³å°å©¶å„¿,1,6850,19,21320
58632eb15e87e714524d3812,å¼µå›é›…å°å…«æˆ’,2,236,1,1790
5ad702aa11be1057289f2ee0,ã€Miss Flowerã€ç§æˆ¿èŠ±è‰º,1,7197,48,42187
573031c36a6a6940714b434d,å–µå§æœ¬äºº,1,52216,12,127333
5720df2b1c07df0fc5788b7c,ä½ æ¡è”¡,2,21,37,270
5b1a32dc11be102bac1aed15,è´§æ¯”ä¸‰å®¶,1,1441,8,10072
5b0661f0e8ac2b3838cee8bc,äº²äº²çŠçŠ,1,1154,17,19908
5b259deee8ac2b7da2b53079,å°çº¢è–¯5B428C1F,1,258,8,30
5a127af34eacab124191d70f,èƒ¡æ˜Ÿæ˜Ÿ,1,17883,27,160617
5a6eb5114eacab3428f2c287,åŠæ¯å¿ƒ-,1,7262,191,102994
5448a3f3d6e4a97421d4b7e3,å“å‘¦å‘¦å’–å•¡,1,31745,167,35333
56ff23cf1c07df2c0915ea2b,ç ‚å™œå™œ,2,558,24,3013
5a9170744eacab68bdcce298,å°å°å¯ç„¶,1,35166,153,118086
5a557c5ae8ac2b1904d3bfcb,å°æ´›æ´›,1,4283,3224,100898
59aabbca50c4b42692dbe146,æ˜æ˜å°±æ˜¯ä»™äººæŒå•Š,2,1511,11,32097
5987fc4e50c4b447de46698e,åŸæ¥æ˜¯è¥¿é—¨å¤§å«‚,2,240923,13,257571
55263b88b203d93617b793e2,Joikaçš„æ—¥ç³»æ··æ­,2,1158007,928,329003
59a49dc750c4b469dea63746,ItsBonnyBonny,2,16372,183,45587
598ae7f350c4b42087221df4,æ—å°å¯æ—å°å¯,2,11978,33,1855
5abe3b154eacab6fc647b27d,è‘‰æ›¼å„¿,1,373,8,5200
56e4327a1c07df26fc9bb08f,ç¾ä¸ƒæ˜¯æˆ‘,1,1918842,148,688759
59f199894eacab4b91489ba9,å·å·é…±,1,17379,42,151079
59da284e6eea886c1fdfa80c,æ¬§æ´²æ—¥æœ¬ä¹°ä¹°ä¹°ğŸ›crystal,2,10,14,126
5b173b7b11be100e234598cc,é£,0,1931,0,36482
58c373fd5e87e71f793d6db4,andersonbaby,2,334,10,2131
559b5c5467bc654c7647883d,è¿·äººçš„å¤§è„šDIANE,1,10197,22,26003
5af2b4d311be101977bf129c,ç©ºæ¸¯ã€‚,1,2,0,5
59ee9d874eacab7f924ec43a,ä»™å¥³çš„æ—¥å¸¸,1,766,54,22305
563c6517e4b1cf1e80b24d90,minié±¼å¤´å¤´,2,5647,49,44992
5a1fb66d4eacab18ad82d9a3,å¤å¤©å°å§,2,72278,100,207009
551b57d32e1d9318ce9e182d,æ´ªè¾°ç‘¶Kelly,2,303627,90,153204
5b14fa374eacab5031bf3d80,æ€ä¹ˆå°±çŸ¥é“åƒ,1,982,5,11184
554ec432af81473daa03c460,æ³°å±±å°å§,2,277,9,1348
56e2335a84edcd2327569ad4,ç‹å­ä¸¹_Estelle,1,2953,47,22384
556aafa5b7ba22075fe112e8,adamyoochun,2,83,18,1286
5635c4b4e00dd856762b0e30,addå˜‰,2,130,113,377
5b2b6e3911be107c56ca7b5b,æ‰“ä¸è´¥çš„å¥³ç‹å¿ƒ,1,2057,2,24790
5842205f5e87e70476b93fc0,beibeiwang,2,4445,24,11044
5a1d220ee8ac2b41136e6f5e,Sharlene,1,22,19,177
59a830be82ec39155146f421,åƒæœå†»æ²¡æœ‰å‹º,2,9187,240,49055
5afe9b9ce8ac2b18421c7cad,julieä¸Šç¥,1,1197,119,5545
597485046a6a6907fe49f621,é™ˆæ´é›¯ Serafina,2,25,10,308
5aadd7624eacab691335243e,ZACKSHAOæ‘„å½±å¸ˆ,0,1490,51,3655
5a8231d611be1028906b9400,Lilyì¡°ë¹„ê²°,1,6280,21,31641
5b2b621ee8ac2b2395868808,çˆ±æ»šåºŠå•çš„ç¥å°å§,1,521,2,9623
5911efae5e87e7357ba167a2,chanchan,2,37,7,255
5ab3782711be107b978dd6b0,é©¬è‹—è‹—,1,808,41,16689
597ad41f50c4b4621128feb3,æåœ°ç“œ,2,487,36,4165
5516b72f4fac631d9c81d378,brittneyyy,2,150074,119,91288
5b2d0f9211be103c7dad6c4c,æŸ æª¬å•Š,1,124,15,1526
5a8b6246e8ac2b7dbee35f9b,ç«é¹¿,1,2024,25,17848
59f5f96311be1053e44e2bcc,ğŸ¶ğŸ¶,1,213,84,2481
5b2dd349e8ac2b2c58ebfa02,å°æ¨æ¡ƒ,1,3572,9,34677
556002df62a60c4205da4758,è‹‘å®LY,1,926708,149,209253
593d7cb65e87e71abed60736,æˆ‘æ˜¯ç™½å§å§,1,16241,267,56002
58aa112f50c4b43f5d1d1c5a,Hannah_åšå°‘,2,384,138,1477
562f2f0c82718c772b1ce432,October_é»„æ¢“æ·‡,2,22082,6,117883
5777dbe66a6a6912d7ffc143,hamiliğŸˆ,2,3310,219,12180
58b0cf306a6a6914a0cbc392,SL,1,257,91,1531
59c0596251783a4bd44ccd83,ä¸€åªæƒ¨ç™½-,1,14,8,7
5b2b8c0ce8ac2b3233376861,æ ‘æ ‘å–”sunya,1,1452,16,8990
57366f8a6a6a69035501659f,åƒæ²³,2,20989,7,15396
5a38ab6c4eacab4f7aa3f5fc,å¤å°å§ğŸŒ¿,1,647,105,9672
5b3c3f80e8ac2b6f7b0b55de,Lacyæ¬¢æ¬¢,1,95,12,1328
5a41e94ae8ac2b051e3bf742,å¤§å£¹å£¹é…±,1,3,5,38
5b3ddb96e8ac2b331a06f52a,è‹¹æœ,1,52,5,920
5ad1cb174eacab0b78a7d396,é™ˆå°å·,0,5,13,25
55698c2258944649c5ed71a4,éº¦ä»”è‡,2,118,36,314
5acc306811be105e47040d1c,ä¸€ç±³,1,1523,38,12554
5a6346114eacab515a82262f,è½å·®,1,2767,56,33923
5992757c82ec3903277d5c91,Miko å»,1,31495,29,130850
56f181591c07df3fd8dccdfb,Timiéº»éº»ã€‚,2,942,10,7569
592fff8d5e87e738161b255f,æ›²å“å“,2,11,27,95
572299f550c4b40d04c1c93d,ç©ºè›¹å‡ºè¶,2,436,12,2811
543102d9d6e4a97ec30db89f,å´ä¼˜,2,37565,0,20802
5304714cb4c4d63d535ae2f1,çˆ±ç”Ÿæ´»çˆ±è¿½å‰§çš„åŸåŸ,2,128209,68,233212
59c3a63244363b56e5de3dfa,æ€¡è€æ¿,2,5,5,25
5a2271b911be100b37af0009,TONGå¤§ä»™,1,3012,26,11180
5a6c98454eacab4dc596b525,èŒå„¿youm,1,33355,7,35126
54ce21a9b4c4d615f82c6b84,æ‚ æ‚ é…±,2,17817,36,159569
5aafb2594eacab4e58ac47ac,çš®å¡ä¸˜ğŸŒµ,1,161,9,3026
5946de235e87e74f079da785,Tiffanyå°ä¹–,1,4069,153,17176
5635d47ea40e18062c4f48ab,éå¸¸jxttttt,2,737,33,5162
5aec8371e8ac2b5417a4fba0,é±¼å°å§çƒ¤é±¼1.0,1,53,82,802
5b387f2211be1073e000fe83,å¯ä»¥é›ªç™½,2,1309,0,22267
568946b26a6a696d708131e4,è¥¿è¥¿å˜»å˜»,2,24401,36,147740
59d8c52220e88f7084de04ad,ğŸ‘ğŸ™ˆ ElvisYğŸ™‰ğŸ’¥,0,65,12,560
58fb360a50c4b40427a401b7,æˆ‘çš„çŒªå‘¢__,2,65132,120,346431
56a1d437aed7581dcf53f2e0,é’Ÿå°å§,2,51180,30,218570
5840ee5782ec390b6afa573e,æ‚ æ‚ é£Ÿè®°,1,1319653,135,2552869
59cf3b1120e88f7c7ea84529,åäº•æºå­,1,11451,31,40388
5695b1301c07df3ebeca689a,YY Ê• â€¢á´¥â€¢Ê”,2,29,9,431
5ab864604eacab366bb892ac,å°æ€¡å–å°æ€¡,1,337,0,1195
546af090d6e4a93077376908,è²“å’ªæ‰“å‘¼å‚»ä¹ä¹,2,2825,38,45886
5a6edcafe8ac2b424ac81be2,æ²ˆæœˆ,1,215721,0,11325
5aa6a105e8ac2b76aadfd4d5,å¹¸ç¦ç±¹ç±½,1,61731,17,280734
5b25287f4eacab176be75300,AN,0,12,7,198
5b4049c94eacab26504d3b6b,æ˜¯è‰è“é…±å–,1,24,8,415
565a77120bf90c6cd4281908,æ¡ä¸ä½çš„æ²™,2,3639,4792,8539
59102fdc5e87e75b250abcb2,æˆ‘æ˜¯YEAHè€å¸ˆ,2,569531,63,1358586
5901671b82ec396d5fbbd2a1,_Graceæ–‡é›…,2,481972,154,438356
5ab70d714eacab2552192880,æœ¨æ§¿å•Š,1,12688,21,50148
56e162bb4775a745d26db976,å¹å‘€å¹å‘€æˆ‘çš„éª„å‚²æ”¾çºµ,1,56,56,314
5731925482ec394ab57a5ed6,è¡€ç„°ç½‚éœ,1,223261,154,133536
5ab9b8464eacab61d92bcdd6,è’‹æ¢¦å©•,1,71986,5,31586
565992cfcb35fb6f59e193b8,è‚‰ä¸¸å–µé…±,1,30,4,146
5a0826244eacab1d778b1ee9,Michelleæ‚ 666,2,2973,25,39092
5a1bdd8011be101c44db43dd,çˆ·çˆ·ç­‰ä¸€ä¸‹,0,1186,0,3836
5573b84324caa9678d78bfbe,äº²çˆ±çš„å¡”å¡”ğŸƒ,2,418,35,8483
5a5578fc11be10730210ad52,Ponyoçš„ç²¥,1,51,6,981
5a3774c2e8ac2b04d09d6399,èƒ¡ç¾ä½³æ…§Angela,1,1319,46,5535
5afb9dcde8ac2b41b4902d43,é™ˆå›½å,0,5,52,6
595508995e87e755251c660e,ç«¥ç«¥å®éº»,1,35,22,223
59a64d845e87e72a12563854,é˜¿å–µ,1,1287,10,24734
548cf21d2e1d93265725dfb1,Missmisshoot,2,344,16,3574
5983f96a50c4b442504a28a4,SleepigEEE,1,13691,239,132780
54eb336ae77989292de55c76,å·¨happy,1,25,55,39
53e2f349b4c4d66131c54ddb,MellyğŸŒ¿,1,1259,118,18076
556c32f83397db57c790045b,ğŸ°Mlle.JosianceğŸ’¤,2,70,59,1114
58f7834782ec3952d4e21e1c,é²¨é±¼åˆ«å’¬æˆ‘,2,70,127,621
5a9534384eacab619e55ede5,ğŸ’•é˜¿é¢œèŒèŒé…±,1,2832,75,14288
5a1b8c384eacab6bcf79740c,æœæ˜†ä»‘,0,28223,152,31784
59a97aaa5e87e760e012dcd0,æ·±å¤œç§è‰çš„ç¿ èŠ±,2,507398,21,548209
574859c250c4b46505a2a268,é’é’è‰¾è‰,1,6545,37,15052
5899f0155e87e725ff1ccf8c,JudeZzzz,2,3787,27,43276
5b0394d3e8ac2b662380b6c2,å°å—ç“œBean,1,78,60,879
592c27866a6a691efe60302e,Kiwiæ…§å­,1,2577,74,12280
58eb15ec6a6a6963d58f9925,è´¢å”-NICK,2,583129,31,82554
56c4ba1f4775a75cdbb656fb,JingsWardrobe,1,60086,34,84434
55a39b70c2bdeb39a96c2acb,å¢¨æ± å¢¨åŸ,2,57565,472,173437
5b2f2eeee8ac2b57fe16362b,æ±ªèè,1,142,3,4138
58e197507fc5b835ef026892,æ¢…å…¬å­,2,1346,5,25342
5a72839c11be1052b782c32d,å¥¹è¡—æ‹,1,45426,0,37922
5a7a7cefe8ac2b3a88bcdbf8,ä¼é¹…,0,32,60,52
5757e2796a6a690609b32ec6,Sinlei,2,802,148,12791
54eb4cdce77989292fe548fe,é˜¿ç™½ç™½,1,411,7,746
55730319c2bdeb4d2c0976f9,ç«ç«è‡å‡‰y,2,12473,1140,181026
54fa9290a46e965cd370385d,å°ç‹¸Lika,2,7206,31,39687
59fff93fe8ac2b61c5e7c0b4,Lincf_v,1,11115,58,86257
589887686a6a69226cf075b6,Angela_58998E37,2,20,22,34
5471ea8bd6e4a961503e466d,ä¸æ’¸ä¸æ’¸,1,308,154,1391
59883dfc5e87e749f3ad55fb,å…‰å“©ä¸ªå…‰,2,1941,43,15293
5992b9ce50c4b41571b48653,æ˜é¸£,2,17882,129,16908
59dcd8cb20e88f3f88cc905e,å°‘å¥³ç³çš„å°å·ğŸ’—,1,1884,11,21494
58396c1c5e87e726b60e370e,åå,2,16,31,344
5ab73aa911be101493177f32,LibraSaN,1,7930,8,90481
550e7122d39ea24217b651bd,Xuuuu_sy,2,2026,109,1782
58f2d57e5e87e74e9df0fdfc,vicky.,2,909,2,20111
5a6791dae8ac2b311323ee1f,Gigihaha,1,4119,5,15682
598d94566a6a691105a604c3,LENGYAN,2,1673,5,27001
55d33fe0589446021c6fc1c2,ç±³å…”,1,11624,279,37849
5a127d3c11be100f48ff8f6f,å¼ æ­†è‰º,1,705792,13,228174
559cec2762a60c37db97a22a,äº‘æ‰‹å¸,1,898,21,3125
55b46c41e4b1cf0d898f3f56,é»„è±†é¦…æ±¤åœ†,2,49,9,382
5b04fe1fe8ac2b07b0597370,å¿ƒæ­¢å³å²¸,1,1277,6,22040
54c4f9a8e779894d5d41f17f,kiko_sv,2,48,13,130
5ac46e394eacab737951958a,å¥¶æ²¹æ³¡èŠ™,2,10269,332,150341
556fd797e58d135289ddd6ee,Joylene_å®‰å®‰,1,5433,46,53888
54ebf6a8d39ea232265043bf,Nancy,1,6932,125,7991
5ac46cc0e8ac2b533d374630,ç‘¾å®å¦ˆå¦ˆ,1,40835,120,433669
5adda0b74eacab7b68441157,çŒªçŒªå°å°‘å¥³,1,142,12,1357
5a1ce91e11be101c4273cb5e,ğŸŒ¸superæ¡ƒä¹ä¸,1,34329,167,83295
54b12e082e1d93782374978d,Nina429,1,3159,159,27641
5880752f82ec3914d22e4b4f,ğŸ”†è€¶å˜¿,2,1626,4,6261
59a9a5825e87e726ae6d5afe,é‘«å¦¹,2,8934,72,20507
5964bc086a6a691402deb3ed,ä¸çˆ±åƒèƒ¡èåœçš„å…”é…±,2,3897,29,92004
559d309a62a60c42e80a3c53,yolanda0926,2,32,2,131
5b018b70e8ac2b66dca79b33,é˜¿é‡Œæ,1,1187,1,7331
555e95f0f5a26316ac5a8941,okaypepper,1,22366,24,32002
53d39b5bb4c4d6733971ae73,å¤§ç¿ç¿,2,1561584,86,313627
59dc6ac944363b7f29c41abc,å°é¥­ç²’funni,1,315954,207,517358
59e7068ee8ac2b1eb1e29f44,ç”œå®å¦ˆå’ª,1,1515,34,25239
580719d26a6a6971ad1065e4,è‚‰é…±Wong,2,376,60,3672
5a168c31e8ac2b2d99cf8d05,æ¸©é›…,1,46089,21,34304
5635befea40e1846826748b6,ä¸€ä¸ç‚¹å„¿,1,3504,21,44039
54e5b1c5e779895d94956315,éŒ¢ ğŸ’° å¤š ğŸ’° å¤š,2,62,40,385
5ad5fa19e8ac2b70baeba307,CC-baby,1,16240,6,12010
5517582e4fac6324e781d0f4,Ayse_Zhou,2,664,2,12982
567babb8b8ce1a654d31f476,_æ€§æ ¼åº•è‰²,1,649,50,13273
55ccb4dff5a2631b01eda8a6,çµå‰‘å±±çš„ç‰ç’ƒä»™,2,10832,97,14669
590e91755e87e732206984ef,è®¨åŒåƒè‚¥è‚‰ï¼ï¼,2,8,3,216
5953872a5e87e74d8fc32054,å°å°ã€ğŸ˜,2,3701,4,46142
551017964fac632721ad58b5,wildcatéœ²éœ²,2,1061,155,29696
5b3f3fb5e8ac2b5b1cc2c3a3,vivi,1,222,4,2029
57013bc31c07df2071da89b7,obio,2,127,7,1389
5ab89ed1e8ac2b501a76832f,HğŸ’‹ W,1,5602,6863,8643
5b29c362e8ac2b5da88c50f7,å–Q,1,421,6,10197
5868e2e16a6a691ee6b352d4,æ™šå®‰å°å§,2,1628,156,10302
559baacdf5a2631725f381c3,shadowå˜Ÿ,2,78,10,1447
550d72334fac63587c52c62c,TiffanybabyQğŸ€,2,656,10,2295
554062b84fac6359ea389de2,å±±æ”¯å¤§å“¥çš„å¥³äºº,2,712,725,5652
5aec04f6e8ac2b18b1c3b362,ææ²,1,157269,0,50598
590f13705e87e77c4e6985ae,åä¸‰å§¨,2,772,29,18165
568c331c6a6a6925ef5a8d46,å®‡å®™æ— æ•Œå¤§æ‡’å¦®,2,2786,16,39289
5a7bfc75e8ac2b67255f2675,å®¹å„¿,1,1268,229,15274
5a0d1a2e4eacab36b5fa3dd9,UZZ,1,5311,24,2626
5b0ebabde8ac2b09be249738,æŸ³å²©,1,44627,1,19727
5671aba3b8ce1a32ae82b330,glori,1,27,311,21
5b35e74011be101e05890b34,èŠ±ç¯®å­,1,764,0,13166
56658ea8b8c8b417bb5ceb22,å¦å¦å¦,2,2436,4,20028
57c90cca6a6a69093c7e5739,Trezi,2,12,3,288
5b33eca1e8ac2b743ba77c74,å¦å¦å§“å­™,1,427,130,6345
58997c8e6a6a693fd8821d49,æ¨å’©å’©,1,3185,274,46914
5a5f4deae8ac2b406caaf07f,æ¨æ´‹,1,4,20,1
57ce4db55e87e75f011203ff,æ¯›æ¯›å®Mmd,2,46,27,184
5acc258411be105dc664b450,å¼ å¿ƒæ˜¥Rex,0,1467,50,2062
59df2c1744363b2dec25e061,ä½›ç³»å¤§æ•å„¿,1,218,122,782
58f0552a5e87e7557e4332f6,éƒ‘å°å©•,1,149,24,318
591914ec5e87e75333d7b171,ä¾˜å¯‚ä¹‹é™,2,897,38,10873
565950c35e87e715739d527f,-LENAYan,2,30178,60,181919
5b407b9ee8ac2b673db0e55d,å–œæ¬¢æ—…æ¸¸çš„å†·æ·¡ç³»å°ä»™å¥³,1,0,0,159
5a18c2d211be102bdbfd8cd3,Violabella,1,6005,46,19276
5a5ef1ac4eacab06f49976c0,ä½ è±†å„¿çŒ«,1,7188,23,79945
5b188e614eacab757d302b8b,1ğŸ°3,1,2718,4,35199
59570ef95e87e70681648556,ShwangğŸ˜šà½¼à½¼à¼˜,1,24,7,308
593bf7ab82ec397fc194522b,Yukiyuki_wang,2,395,8,1408
5b2e48a311be104f841bfeb3,ç¡•ç¡•é…±,1,416,21,10723
5ae1d4eee8ac2b6ec18b1b60,Jacksonå‘¨å˜‰è¯š,0,29540,2,6023
55c9fdf541a2b345d853002e,SUPERDR.,2,14315,91,80276
5a3793a04eacab08b072daa9,Blingling_è‚‰è‚‰,1,31,9,367
58b7ec8da9b2ed78795926c6,ç‹ç‹¸å®šåˆ¶,2,18,20,53
5a03abe44eacab0ed844319f,ä¸œç“œå˜€å˜€,1,1228461,177,481643
5a81b6fae8ac2b5a9ffb92fb,å¿ƒå¿ƒæ­é…å¸ˆ,1,875,5,5354
5a7b2119e8ac2b7f61d7b1bd,é™†é™†è€å¸ˆå¾ˆè®¤çœŸ,1,21751,209,130467
5ab4beec4eacab1b7c49c43e,æˆ‘æ„Ÿè§‰ä½ æ‰“ä¸è¿‡æˆ‘,1,18,2,178
58b0dd38fb68a21a4278f6ac,å°ç’‡ç’‡,1,42,24,540
596f5b075e87e7440f9b06fc,é±¼å¤§é¡º,2,708,58,9088
5b0c118ee8ac2b499ba0b715,ä¸€åªå–µå–µé…±å‘€,1,794,1,11056
5accf0d6e8ac2b47a648b1f7,é»„é›…è‰,1,69600,0,37536
591562666a6a695cfcd59dee,ç¾å…”å…”å–”,2,7,68,7
5a6d9fd4e8ac2b4459193a7e,æ¡‘æ¡‘å·²è¢«å ç”¨,1,1240,3,19796
5906e65c50c4b4369a723fcf,ğŸ’‹é²œå„¿ğŸ˜˜,2,155,6,2778
5ae02454e8ac2b1a4293545f,GLAM.D,1,1966,9,37418
5abe1649e8ac2b5538b4a007,ä½ çœ‹èµ·æ¥å¾ˆå¥½åƒ,1,11961,408,48588
557385d567bc65400f3a52fd,Sherman-closet,2,1784066,585,529293
56591271e4251d32e78af3af,Vier,2,1364434,346,809414
5892ccb450c4b4783d025d1c,ç‹ä¸‰,2,51,10,819
5a2f626d11be10143449bfdf,ìƒ›ë³„iné¦–å°”,2,503,14,9657
5ac0ad77e8ac2b28a5021733,zombie,0,4549,48,13283
5a17cfe34eacab1c522f96c6,KayLee,1,26,4,217
57aee5396a6a692bc9dee65f,æ²ˆç±³å¥‡,2,833,3,13781
5755586a50c4b427b24a7ba6,åŒ—å†¥æ²¡æœ‰é±¼,1,38,5,843
56c2cf5f50c4b41b66f728fb,å£³å†…ä¸€ç‚¹ç‚¹,2,17108,88,43039
586481573460943d03ef2823,ç‹å¤§å¦®,1,6809,81,87359
5575752f3397db4693e7e218,å®‰å®¤å¥ˆå­,2,40237,185,67148
55fb67d662a60c278da331e1,éœ¹é›³é˜¿ä¹,1,5113,143,25166
5a5b09eae8ac2b719f7434b0,å®ˆä½1ä»½åšæŒ,1,11012,15081,18544
53327cd4b4c4d657888ad1dd,æå¤§å†°Christie,2,1261,23,4403
59e997c64eacab52fef72925,ç»´æ‹‰åº¦å‡,1,55604,38,270764
5885682d5e87e71c794647d3,å°±æ˜¯å®å„¿å‘€,2,4207,64,68996
59cf66c820e88f3648e759aa,èœœæ¡ƒğŸ‘å…»ä¹å¤š,1,904,85,12667
5923b06434609472e8e64af1,Yiuw_ã€‚,2,19,8,106
5b17e5ec4eacab2a1d7add3e,å¤šå•¦Aæ¢¦,1,913,382,7165
58d752125e87e7470e54e4a1,å†‰å°éƒ½çš„æ—¶é«¦æ˜Ÿçƒ,2,6293,204,4680
58db64a750c4b438502c1327,Dingss,1,1934,11,34210
55e8fce63397db4697a13930,Lady H,1,795,77,1197
5ac5a2cde8ac2b7662a5d7f1,nGå®¶çš„çŒ«,0,13893,6,20783
5a72b07811be1062081ed3a5,Rebecca LiuğŸ‘‘,1,22114,21,19454
5a3be117e8ac2b6be8debf65,å®‰åˆ©å°èƒ½æ‰‹,1,8673,36,54396
5934500582ec39362763df57,Venusæ»´ç¾éº»éº»,2,2955,48,34173
5653f64a44760866bf2bf297,é“é”¤çš„è¾£å¦ˆã€‚,2,19672,18,128547
59f0b104db2e6056e4bded33,æœ¬è¥¿,1,124,34,388
597982e16a6a69133619d5ae,charlene_hsiao,2,49,28,68
5ac460db4eacab692d90ae7f,å°èƒ–baby,1,2272,7,26037
5a4c923a4eacab46e5847977,äºŒå–œä¸¸å­.,1,13,42,28
57fd78726a6a694b15e47712,-sqiaoqiaooo,2,342,1,10512
56c862ac84edcd5efb619b4a,é»„å°é‚ªä¸ç€æ€¥,1,26485,101,194461
56bb66f850c4b4713f0fd08e,ğŸ€â¥èµµâ€å°è¶Š,2,1624,306,8244
5abd028311be104d73bd3ddb,Silvia_KKğŸ°,1,23,2,393
556941c467bc656894d7a742,å®‰æ¡‘,1,3146,63,9503
56a39a9a5e87e729d504b90d,IsabelğŸ ,2,3028,31,37597
5a151248e8ac2b18330d6c79,ç”»åŒ Neena,1,206,91,471
598edfc050c4b421b7942bf7,æ¡ƒæå…”_598F714A,2,245,18,3459
56586d5b7c5bb82adb28460f,æˆ‘æ˜¯è‚‰ä¸ğŸ¥,2,39,34,211
559de8aee4b1cf4b8a934eea,å¼ æ–‡åº·ç‰¹åˆ«å–œæ¬¢é€ƒå­¦,2,2128,5,28143
5801621a5e87e752c29b47dc,Vivianfour,2,2105,63,23116
5ad303a411be1003f8d1704c,âœ¨YING,1,744,0,13256
567614a882ec3947855e72f4,PhoebeAu,2,43,70,195
59f18b474eacab3579190b31,Macchiato-R,1,2609,42,39768
5847ba5350c4b41d32a6ff04,rzy971209,2,49366,37,41272
543a39e4e779897d55d75e1a,å’ªå–µmimy_,2,48767,88,203628
5a5b054ce8ac2b719f743116,é¸­æ¢¨*^_^*,1,621,12,16018
5694eb7250c4b42e338e25af,BetsyğŸŒ¸,2,7,8,124
55059cf3d39ea276232fc755,é¦’å¤´å¤´å¤´å¤´å¤´å¤´å¤´,2,32,7,272
5a412af04eacab1573b946dd,æŸ æª¬å¯ä¹,1,1760,39,26687
574b0dd782ec391b93cb39cd,äº²äº²å°è èå‘€,2,303,50,1928
59361ac35e87e7174c033976,è½¦å˜ğŸ’.,1,11338,21,76141
59d3ae9551783a14c698d17b,ç±³å¦®å°è¶…äººå„¿,1,4233,54,20830
5a4b3bd24eacab32d4623ac2,å¿µå¿µä¸å¿˜,1,0,8,4
5af64c3f4eacab4d93cf529a,Moni,1,236,77,110
596debbd5e87e70b990147c1,aykO,1,296,15,6945
5aa28b66e8ac2b21bb5dfdaa,æœ¨æœ¨ä¸‰,1,675,194,8133
59c3a1f651783a09983697e4,å¥ˆç•™åŒå­¦,1,11911,235,159881
5b1f9d16f7e8b959ce5c826b,å‹åˆ©ğŸ¬,2,93,27,432
58ea075a6a6a692f5c8f99e3,mayuxian,2,7,3,28
55fc075841a2b360e3bf0004,baoå®‰å®‰Emily,1,1844,197,10593
55861dbbb7ba226d6d855c9f,yvonneyeyeye,1,34,67,34
5937c7796a6a690d087f0c2a,ä¸€åªæ³¥è™¾,2,176,86,1546
5a8bd1c011be10245999a07b,é‡Šé›¶shilinglife,1,4320,69,12515
587b4b4550c4b40706dc963d,LadyJğŸ‘‘,2,3005,23,32786
5adfe0eb4eacab04ea3f01bb,è‡å‡‰ä¸€ç±³å…«,1,5155,24,56972
55d6e22dc2bdeb277746591d,åŒèƒèƒç±³å¦,1,218,76,5251
59b7c43182ec391b7d6f4d2b,áaáyï¼‡sâ—¡Ìˆâƒ,2,8,33,18
5b0d5c3ee8ac2b534d77f4f6,æ±Ÿæ˜ è“‰Vivi,1,7002,0,7039
5a01100c4eacab2db8bcf4eb,ğŸ¤£ä¸€å—å“ˆé²ğŸ©,1,125,7,1100
585e13b05e87e73e3a84245d,è‰¾å“©-Allie,2,1349,2,32334
57983a035e87e76d5d34e682,SUEIECHE ğŸŒ¸ç´ å„¿,2,12,2,8
589289e05e87e710ee7b0dd3,é„­æŸæŸ,2,478,5,9166
5304eb83b4c4d63d59a30d69,é™ˆå˜‰ç©—Janice.,2,1642,17,21099
54eb2564d39ea23226501f93,Tingting,2,533417,98,235926
58cd78525e87e7612ee8ad06,å˜Ÿå˜Ÿé…±,2,54,41,791
5b2b98fd4eacab1ebd0eab55,ç›è–‡è–‡,1,3,48,0
5ae28ac14eacab3f46af13aa,ä¹ä¹å¦ˆå¦ˆ,1,5587,5714,6249
5aa6797211be10606d7bfcf3,NGä¼Šè½,1,7,20,127
5639b4eff53ee02665a85d11,æ©™æª¬Seven,2,20286,106,14526
570cde2784edcd4bddca559c,çœŸæ˜¯è®©äººè„‘è¢‹å¤§,1,622,19,2297
54ebf98fa46e9618e57694ca,megan,1,41,31,127
5572670762a60c59bbc53028,æŠ¹èŒ¶å‘³çš„å¤å¤©åˆ°äº†,1,592465,325,82088
5b3cbcad4eacab5ea3c33ebf,ä¸‘ä¹–,0,167,2,176
5ab3579511be1071cc6b1455,åŒ…å…ˆç”Ÿ,0,98402,32,51455
5a9e6c97e8ac2b38ce8b0139,è°¢å››èŠ¯ğŸ‘,1,18,19,97
5a473a0f11be10127a25de89,å¦‡å¥³ä¸»ä»»,1,1427,12,14799
5753f67450c4b40790ee664b,PBN,2,1358,11,29049
598474d46a6a69518105278a,ç™½æ³½,2,5262,28,8984
59cae5ad51783a18a526bcdf,Lucia-ä¸›ä¸¸å­,1,16,44,104
562e43d3a40e1875a0ce4de8,å¤å¤å¤å°å¤Summer,1,366,11,3253
5a00a4224eacab298b191274,çˆ±åƒçˆ±æ—…æ¸¸çš„å–œå–œå„¿,1,378,2,2072
5387566ab4c4d649e0493ffd,èŠ±ç‹¸é¼ å·å·,1,447,27,14494
55732420a75c95692e388ada,Luéœ²é…±æ˜¯ğŸ…æ§,2,11363,99,33605
59939a265e87e774f63cf398,kcahaya,1,9492,11,173282
5ab0de344eacab54c08708a7,æ­å·å©šåº†æŸšå­å©šç¤¼,0,305,767,1987
57e94af86a6a692496607d49,å­«å­«å­«,2,67,33,556
563dc23ca75c95136e951015,Sofiating,2,21,42,154
5a9cbe10e8ac2b6d8cdf8796,å‰å…‹éš½é€¸,1,232873,8,151777
587c077d5e87e702e21d1a39,Chloeçš„éº»éº»,1,12120,48,21430
565c2d784476082e9a33c1de,èœœæ¡ƒèœœæ¡ƒè™ğŸ¯,2,9,11,86
5ad5ab044eacab5c9f2b0aa5,å°å§å§ç‰¹æœé˜Ÿ,1,254,11,3537
589422c282ec391a1702b3ec,Christyå¼ _589502E4,2,5,38,31
5ac46dfbe8ac2b611f54fa2e,å¾®,1,1831,354,31808
546777dcd6e4a9191da47f6f,Mandyæ›¼è¿ªä¸æ€•,2,542302,72,92147
5710f77d1c07df3ee260599e,babyå…”,1,2,0,8
58e0e59350c4b46099050f79,Mirukuæ˜¯ç‰›å¥¶å•Š,2,25953,245,69849
5aed7a714eacab495586bacb,å¯çˆ±å©†å©†,1,7734,10919,4257
555da69a5894467f0a0c29ea,ä¸€ç²’èŠ±ç”Ÿç±³,1,22,24,0
55039b492e1d933c995613af,å¯å¯ç½—æ¡‘,2,13,14,7
57d1de7d5e87e75eed5858b1,Louiseeeee,1,666,216,2402
5a9027a711be1045898e46e6,ç²‰çº¢è±¹çš„å¤§é•¿è…¿,1,5,22,6
5699fa82b8c8b41e63731ad0,é‚±é‚±ç§‹ç§‹,2,23516,158,33294
5269d3fbb4c4d60ea2717f96,æ·±å¤œå¾è€å¸ˆ,1,817933,72,437442
55ace1553397db052b9f5272,Cici,2,671,49,18027
5a1d06b74eacab172397782a,ä¸ƒèˆ…è„‘çˆ·,0,2305,8,2019
5b309c6fe8ac2b77f586ed0d,æ¢…å‡‰å…´,1,598,12,19380
54b7fc19b4c4d60d3fbaa9c0,å‘¨å°ç±³mibo,2,93,25,158
53ef91deb4c4d63ad5c18d7c,å¤§éœ–å¥³é’å¹´,2,782,57,7871
5791b02b50c4b47ca652a3ee,å°±æ˜¯æ¢¦æ¢¦é˜¿,2,46,17,200
574e7d275e87e75c50eccab5,ç½—å°èƒ–å„¿,1,120,60,1573
5b24f33ce8ac2b1538840db9,å°é“å¥³,1,4893,5,66926
59c6fb3f44363b601a02671c,èŠ±äº‹äº†ğŸŒ,2,5,10,0
5a8a773611be101a5830db5f,Celestineclouds,1,537,9,1998
556d6af9e58d137bb6cd5a78,ç‹æ¨å®‡å®™èˆª,1,35543,261,161601
59f9593711be101e6a95edc2,Joy,1,1,50,0
596445ca50c4b4311b457075,178cmçš„å°å§å§,1,9,25,39
57235e525e87e77fac80628e,Lizzy not lazy,2,1476,54,5561
5ac37db7e8ac2b731881f2bd,èœæ¢¦æƒ³,1,508,26,6024
5967a49f82ec393808eece5d,rainnnnn,2,958,14,16284
56da5c2b4775a75f9434de68,æˆ‘æ˜¯å¤§ç†Šå¤§ç†ŠğŸ˜˜,2,1197,8,5235
5b35c3394eacab411e2ae9d8,èº²ä¸è¿‡å¤å¤©çš„å°å¾,2,1321,0,29420
59b9147d82ec39409f1b5089,ğŸ’—baby_SisiğŸ’—,2,10,2,83
58d0f56c6a6a696d5b2bde03,æ—¶é«¦å°å§å§,1,2807473,580,1080005
5ae96aab4eacab5f8067782e,é˜Ÿé•¿CAIN,0,15362,6,22401
594b71ed5e87e75c6c06d1f3,æ”€å„¿,2,5,26,7
570279d2aed758024a27f775,ä¹Ÿ åœ° -ã€Œ YeTl wedding,2,32,33,187
5aa77f404eacab74eb5e6d00,æ•æ•ç‰¹ç©†å°”,2,154,0,4014
55728eb25894460fb8e2e7cc,æœªå¤®å°å§åœ¨æˆéƒ½,2,452002,63,210023
5a276b2711be1011c655976b,ä¹”æ¬£Bridgette,1,451257,4,313278
5a1f69b44eacab31af330a5e,Milkâ˜,1,3507,22,22547
5790e9745e87e7577fd8157a,dundunlee,2,6,12,2
56329986447608057ac0d857,yvetteä¸åƒæœå†»äº†,2,13,4,76
5600e7e7f5a26368bd849210,æµ…å°¤ï¼Œ,2,42,49,25
59777a205e87e754e3267824,Judy11111111111,2,13516,160,37257
5981402650c4b4620b74c1c2,é‡è§ä½ ,2,566,82,10451
589c8e8350c4b4566d3e7a90,ColaCatå™—,2,1350343,177,253668
587c5be582ec392bee337c2f,xxtlovewky,2,11,83,2379
5759575582ec393a64a69435,å°¹ä½³å®å…®ğŸ’¡,2,9,29,8
59a5ef4d50c4b452e56872d4,ciciwestwood,1,529513,70,181099
5a791dcae8ac2b15c21f7978,52HZ,1,55,32,1173
53fd9c31b4c4d66cf3c8c480,-1616-,2,3140,86,30885
5947d0da82ec393204d76f43,MKå‡‰å‡‰,2,1150941,10,442268
5a61710f11be107fb5ad9e04,MORI SKIN Carrieä¹é™,1,5861,84,24204
5625d0bce00dd807552a532d,CccccccyanğŸ€,2,17892,65,99295
5b2c875011be10029d428e89,è‹¹æœ,1,24,3,383
5af2fb0311be103aa1325dd3,é­ä¸‰é¥­å‡è‚¥æ—¥è®°,1,7380,14,49818
568f6f6a50c4b4064c2e4c27,ç”°å…”å°‘å¥³,2,1,6,13
57f353886a6a69675ee4579d,Appleèæœé…±,2,10397,64,22570
5a0d38504eacab533098e8d3,A0AğŸ’ƒğŸµMIAèˆè¹ˆ,1,10,0,164
59af8fd882ec394fefd3fa12,å°ä¹ä¹ ç®€ç”»ç¬”,2,81,11,304
5ac74a68e8ac2b314ef5c942,é¬¼é©¬çœŸ,1,7491,141,76470
59143ac350c4b402e613c513,ğŸ¬_59158828,1,629,2,12068
56964dd282ec392483dc671f,berryğŸ’,2,48494,115,136083
55680254e4b1cf09db5b85a4,åŒé±¼åº§æ˜Ÿäººyuer,1,39,12,364
55d980503397db5a9cccc29d,ä¸¤åªç²—è…¿å­,2,121,68,610
5a4ba3534eacab59d4a3e25a,ä»™å¤§æåŒå­¦,1,1045,97,5753
578528726a6a694a5bf2ff5b,æˆ‘æ˜¯nini,2,152,82,383
5595e2d65894462654b8c998,é¦¬å…’,2,15,19,4
54953679e7798916f3c68418,åœ£ä¸å©·Sanotint,2,1044,11,16496
5ae20c5e11be107c2cae57a2,HASHTAG NEWYORK,1,21,67,39
591e7ed882ec395c02c7f328,æ±¤å¤§å¸ˆ3,2,1511,0,10372
595cfa9e50c4b436dabd9eda,å¤©å¤©å§å§_L,2,9838,40,7833
5b368700e8ac2b297a15378e,Dhin(rouxin66666),1,411,0,976
5a12d624e8ac2b349fa2b451,Pinky,1,156,56,1075
566ae9fb44760820a2503292,äºŒæ²ˆå©¶,2,543618,260,271086
54a96ce1b4c4d635e1130daf,æ–‡è¥¿Vincy,2,25958,161,62465
55254ad39c5a6e22d3b051db,é˜¿é˜¿å¡å¦®,2,397,33,9157
55e51a0567bc657c9409b5fb,æ¢…å…¬å­çš„å–µ,1,82605,29,413148
5a73fd8b11be1072e3d6e1fb,ğŸŒ¸æ¹²æ¹²ğŸ¹,1,915,25,19526
59e880144eacab33f5f8edb8,å’•å™œå’•å™œ+,1,1,10,9
5a22b2804eacab63a2769d85,Cici Chan,1,10203,20,16390
553245824fac6375657d1579,æ…•ç“·,2,44,50,111
5580198462a60c3fa52de519,çŒ´å­å¦ˆå¦ˆç¬‘å“ˆå“ˆ,1,234520,319,420437
5a0bab504eacab17394e009a,ZYå–œå“¥,1,67264,2,62262
55d3560441a2b37538ed547f,ä¸˜ç¾ç¿ ğŸŒ,1,941,0,20955
5b0642c4e8ac2b131d30730e,èµ°èµ°,1,74,0,774
54f91cab4fac631ecbe94e22,æµ·æ£ æ°‘å®¿,2,5016,31,27514
5866d3395e87e74a3363a2fc,æˆ‘æ˜¯é˜¿å¤§_,2,603419,24,179355
550ca4662e1d9304a34656c7,Jieman,1,924,15,10888
56cf14184775a75257dd2793,æ±ªå’©å’©å’©,2,388,126,4645
5a254c9de8ac2b7937567e48,ç½‘ç˜¾å°‘å¥³,1,4,4,93
59d10c3e20e88f39fb730c7d,avashiiny,1,56159,50,135751
5b3ca443e8ac2b204550c95d,æœ¨æ§¿èŠ±å®ƒä¸å¼€,1,352,0,6493
57047c9aaed75849f5382502,ğŸ“åªšå¨‡å¨˜inHKğŸ“,1,808,49,16814
54728950e7798979dde799bb,æ‹¾æŸ’,1,2132,103,14449
56c2aec9cb35fb499525fb08,gezibobo,1,166,35,1114
5a2112a211be1054da4d91a3,å°å¤«å­”,1,25724,90,211065
5937bd47f89a926b9de43c17,æµªæ¼«çš„æ¯›æ¯›è™«,1,10923,2261,50484
5b3688e34eacab28c591f441,L Y D,0,137,1,701
587f40145e87e70b2bb11401,å›¾å›¾è‹,1,1513,22,2784
538ff1e2b4c4d67c951a953b,å°çƒŸä¸€æš,2,649,186,7225
5b2a036a11be1052ffd8a432,èµ¶ä¸ä¸Šæœ«ç­è½¦,2,7182,1,77910
5a028c1011be1014ba3439ec,çŸ³å¤§å°å§,1,912060,7,429190
5aba1aa5e8ac2b7bca7b20dc,åŒ…åŒ…æ¯”ä»·ç‹‚Kiki,1,3870,2,20700
5571bcd724caa90c01ec096e,æ—§å†°ç®±ğŸ¬,2,339,48,1259
566ce9c9a40e184cb24193bb,Siriå°ä¸»,2,34482,25,14830
5ad307a94eacab1f8379b56d,æ°´å‡ºçŸ³è²,1,23759,44,68065
559a6dc4f5a2630db5c5ad39,ç™½é¹¿Lu,2,13833,201,186189
56c5080f6a6a6971e8b62963,æŸ æª¬ä¸èŒy,2,1816,13,15491
5b32eec811be106c2dc79c68,på›¾å°ç†ŠğŸ»,1,1420,3,22289
5acccafc11be102a0a6b5b4b,åå­—è¢«åƒæ‰äº†,1,7808,11,114291
578741a36a6a69224f299a9d,FIONAZZJ,2,23919,102,19366
58595f0550c4b41b8a3d7e6b,é™ˆæ¸©æš–ğŸ‘„,2,89,12,565
5a3e73f911be1068e9c4bf6a,å§å”§å§å”§å°é¦…é¥¼,1,26,0,387
5acd66414eacab04764c6914,å¤šè‚‰ç’‡å­ğŸ,1,12022,16,41940
5694b91f82ec393229b7d9a2,å°è™¾ç±³å¦¹å¦¹,2,73,59,1000
59c89f7c44363b2df8e0e6bd,æ¨±ğŸŒ¸,2,11,27,91
59ce02a66eea88086f2e0ae6,æœ¬äº,1,26732,65,272245
56932bfbcb35fb2f114e0bbc,æœˆäº®ä¸ç¯ç«-,1,2501,4,6626
5adc6e3ee8ac2b66df287865,ç‘å¡æ–¯Ricas,0,7590,20,6080
57de1c3350c4b45fe1492aff,Sylvia_jr,2,14,17,32
58c5491582ec3910cd32a630,åœŸé€—Ya,1,127731,432,960207
5afbed3e11be104d1e3ee9e9,ç—£å¤šé¦¨koko,1,1188,15,3949
53c5f05db4c4d6152de711c6,è°¢èªæ˜,2,326,98,8831
5afa777f11be101b63998a80,ç”Ÿæ´»å®¶,0,456,137,2694
5573a3ecfaea9141efdfa675,SDã€‚,2,21,25,122
5655cc9e03eb8456fb3ba88a,å¼ æ…§è´¤angel,2,1257,4,2678
5749bbc982ec396b32fe1c8a,elingmor,1,68692,12,86316
57596d0ba9b2ed01457202b3,Jillæ¨,2,1661,33,8241
57656c1350c4b443bea74c79,Piscesgirl,2,518,14,3900
5a6c3b1311be10206443a023,éœ²éœ²,1,4,8,70
5b235f0ee8ac2b7ab4dac83e,æ‚ æ‰¬èœ—ç‰›,1,790,2,16507
55a995643397db6ac4dd5f87,é…¥é…¥æ¢¨å•Š,2,4209,32,3461
5b03bded4eacab6f63a3d78f,è‡ªé¡¾è‡ªåœ°èµ°,1,4973,3448,5532
5772a5c982ec3910928a6222,VIVIK,1,10624,321,220606
5a87d419e8ac2b600df1a9a1,æå°é»‘speaklow,0,9,70,0
5b29f48a11be104ce274ed30,å¼ å®‡,0,538,15,992
574001ee82ec3941e0b23c81,ç´«è‰çŠ¹çº±,0,1403,15,1163
574286366a6a69272d054253,çœºæœ›ç‰›æ´¥,1,2226,21,18746
57adb36750c4b45b97366125,skullhong_xuan,2,25,6,464
5825ab465e87e75b13960668,Kikibabyiiiiii,2,20952,38,33729
5b0eccfd4eacab7fd3699c0e,Daisy&Han,1,3,11,30
5b29f51fe8ac2b78b9f40f22,å®‹ä¸€å¸†,0,99,43,325
5940f0f45e87e77db0a3eaee,Aaron Chen,2,6912,25,6675
59acd5e46a6a6964492fa603,å¤ä¹ä¹_mts8888886,2,988,49,14634
5b34da61e8ac2b5ef0bb8ac8,çƒ¤ä¸ªæ¦´è²,1,562,0,15148
5b3896d04eacab0d73a60dce,é˜¿é©¬,1,1,6,5
5ac020e94eacab6f4e2ffcc2,baby,1,32939,13,27851
5a1406244eacab6cc92d6741,æ™¨å‡ ,1,33,4,63
58f811855e87e7576447d78d,Sophiafun,2,115419,55,124852
5b0c8e9f4eacab577dd24caa,éª†å­æ–‡ğŸ˜,0,5662,33,13728
58acec096a6a693f7adcc486,Wenä½³ä½³,1,2670,82,6757
52ee62ecb4c4d66fa9c3fd5b,Ivy_leiiii,2,230,104,1342
5b31c58411be104d5d1ec41d,Shangå¤§å¯,1,73,30,819
54826ab72e1d9320b31eb918,å°é˜¿æ–°,2,45,17,544
596073116a6a6906544759b8,ç¥ç§˜è·¯äººä¸¹å®å®,2,1487,16,12915
5a6fd5eae8ac2b4c5f39c47b,å¯å¤šéº»éº»,1,13479,138,93130
5a142eba4eacab23da682a28,ğŸ™‰ğŸ™ŠğŸ™ˆæ¨è€æ¿,0,6,24,4
58a81ab56a6a696a35d6b31a,S_Love_Fang,2,17,2,416
5743f0e35e87e742d16504e4,rhå•°å•°å—¦å—¦å®å®,2,359,18,7206
5ac62583e8ac2b3541a9b259,å¦åª½çš„ç¾é£Ÿå¨æˆ¿,1,7002,85,80528
5b308dc94eacab61be8650fa,æ²æ²ğŸ”†,1,367,33,4384
5b285677e8ac2b220d218d3b,Suuuuu~,1,34,24,132
5b0f601811be1035d641d3d2,shenyueæ²ˆè¶Š,0,5210,7,4816
599b00e750c4b45b6728b109,MayMay,2,23628,97,41335
5ab65cd711be103c096331ac,å…ˆé›…_,1,25,23,57
55925acd3397db264c254d4a,æ˜¯ä½ ç¦ç¦,2,21297,92,247494
56936fabcb35fb2722526824,å°èåœğŸ­,1,2572,57,26631
5a0c438c4eacab27c92b226d,xx559ll,1,173,55,3095
5ae811074eacab3aa80d02b8,æœµæ‹‰å°å§å§,1,932,48,13278
5a8e7568db2e602f790c712d,å¾¡èŒ¶,1,1900,0,26823
57d5217250c4b476a9e07521,Kiwissie,2,10,51,15
597aa24e50c4b40ca928ff11,é•¿å˜´çˆ¸çˆ¸,2,26747,2,1498
5b0a7ac111be1073403a6849,å¼ å°å¼ ä¸é•¿äº†,1,362,7,3174
581a701250c4b452685f94bd,å¯ä¹å®‡ä»”,1,37245,185,139598
548646a2e77989106ab58b0f,è‹é»ä¸–æ­Œè¿·,2,558,1,1642
54dee2a7e779891983fc8271,ç•‡å¦ˆ,1,131,6,1192
59b288b950c4b41f4a6110f7,iki Look,2,588,3,14018
5b38d5da11be101e5aef9db0,æ©™å­ğŸŠ,1,595,21,11101
54e326862e1d9309e1cf70a1,é™³ç§‹å½¤,2,792,5,10423
5987fad450c4b45b3a466885,å¤§è„‘é—¨BigForeheads,2,131947,18,69134
58e651e45e87e7465d726375,å¾å¤§ç¾Š,2,7,8,15
55616ff3484fb660df37fa72,å…”å­å…”å­çˆ±åƒè‚‰,2,453203,672,287644
56a0543acb35fb2225975fd2,ç›ç›ma,1,447988,309,307639
5837a7cd82ec390f086f8c8c,å¶éœˆæ–‡,2,5,9,62
59c51e9e82ec391f8c90829d,YukIé…±,2,10259,6,152235
5a945bfa11be1059e5044db7,å…‹æ´›ä¼Šè¶…ç‚’,1,50,33,695
575436b882ec39645c5892e7,åæ³¡æ³¡çš„å¤§é±¼ä¸¸,2,7,3,0
52e5b80db4c4d64e1103162e,NERlili,2,142,62,198
5b423a4611be106ec0b74217,ç›´ç”·ï¼Œæˆ‘åˆ°åº•è¯¥æ‹¿ä»€ä¹ˆæŒ½æ•‘,1,0,2,3
5a3a5fe7e8ac2b42f7afb1ba,è°ƒè‰²å°‘å¥³,1,30997,6,108772
54825e48e779893bcb3f75eb,åƒåœŸæ±ªLola,2,445,58,3888
5561bc07e58d1356c3a106dd,Dtifa,2,251,28,1138
59d3755d20e88f2b29119462,Jå…¬å­,1,10172,18,98654
5a706d914eacab6aa902eb40,æè€è”«er,1,19408,52,102791
54d349e5e7798917dfb45f94,PhoebeğŸ¥„,2,90,19,1341
53f09638b4c4d63eb2f56878,æ˜¯æ©˜çš®,2,20625,11,104460
5533b1af4fac63560f650aad,However,1,38,22,8
5af00e2311be1061f3710802,æµ·ç‹¸å…ˆç”Ÿ,0,53,26,273
57c62af1bd0da54ab0829997,è€é˜¿å§¨çš„å°‘å¥³å¿ƒ,1,4895,13,58760
5ad6a2af4eacab402f7be2c6,æ™šä»ª ğŸ»,1,3734,63,22437
57c9400d5e87e72a0057454f,Priscillacarrot,2,5,18,23
5aba13d3e8ac2b136cd4f9e4,éƒ‘å¸Œæ€¡,1,49815,2,34852
567dc4c9b8c8b4386c7d420c,OUIé…±,1,250,47,2440
5921334e6a6a6923f9db16bb,æ¡ƒå­å…°è¿ª,2,5,68,1
55a3c6be3397db3473ee2a6b,ç”¨åŠ›ç”Ÿæ´»çš„å°å¯,2,885,90,5922
561fbfab3f95a31f3ab8b267,æ˜†æ˜æ½®æµæŒ‡å—,1,57986,50,47354
5a13104911be104e19bd5c72,ä¸€ä¼‘,1,10559,80,2106
5b3c2682e8ac2b5fc4c1cc02,ä½ çš„å¥³å­©ã€‚,1,575,9,5856
5af3b8ba4eacab25aa798be4,åƒå–ç©ä¹å¤§ä¿å®š,0,159,26,299
5482c7732e1d932edbaad9b4,ç°å…”çº¸å…‹é‡Œå¦®ğŸ°,2,162002,97,45392
585aa8e65e87e73427cd94ee,baiğŸ€,2,8,27,1
54e5c510e779895d97956e48,Ceciliaå®‹å¦éœ,1,100588,0,37883
5b14b3294eacab2ecfcd0150,çº¢èŒ¶æ˜æœˆ,1,16014,15,54848
593cbc1d6a6a694d485208d9,èˆŸå¥½ç”œ,2,28522,330,149436
5a8ac92411be1048064cbe0f,å°¤æ¢¨Uli,1,5936,17,44777
595a664b5e87e756f26484bf,J.Y_inging,1,60,18,-50
56c16166b8c8b470e83407a2,SayoæŸš,1,287689,417,290698
5a5be9c011be101d96756f01,Aria_,1,933,9,14037
5746f4f850c4b46d701a932e,ä½‘æ…§å¿ƒå½¤,1,73,1,343
5b038a254eacab523a18e383,å·¥ç§‘å°ä»™å¥³ï½,1,23184,29,3140
59a54ee550c4b4685ba63799,Claireuæ˜¯å®‹å®‹,1,9829,2,62453
5a43089d4eacab5c275e541c,æ¸©æŸ”,1,23041,20,120932
5989cba082ec396d37b077ea,honeyæ¸…çš„ç¾é£Ÿç”Ÿæ´»,1,11539,10,118972
5874c5ff6a6a6945a082aeb5,-karenababy,2,5,89,8
5aa8f48a4eacab1de59f87c9,äºŒé©¬æ˜¯åƒè´§,1,30,26,233
563c590df53ee050caa508ea,uncle ç‹ğŸ’,2,26,14,50
5ab70b8fe8ac2b67f706794e,Jie.GeğŸŒ¸,1,2,31,6
545ef6ccd6e4a90accf6224f,Carinaå°å§å§,1,6020,76,21868
5a801956e8ac2b4a2aa68f74,Evanë³´ì„ ,0,15904,19,46708
570516094775a70b81aa5e64,ç ç©†æœ—ç›å³°ä¸Šçš„å¥³ç¥,2,5,12,28
53f6393db4c4d60bd101a7b3,è½¯èŒæ˜¯ä¸€åªå–µ,2,10549,119,67650
5371e2a2b4c4d62a778f9a2d,æ˜Ÿæ˜Ÿ_çˆ±å¸…åŒ…çº¸,2,5502,22,52317
59e5a2b9e8ac2b7a564979b7,ğŸ’æ€ªè¥¿è¥¿Kathy,1,2,5,1
5acca0434eacab2e19b87ef6,é’æ™´ç´«çŸœ,1,26,32,386
56e78ffeaed7580b249cdb56,Becky,2,131,16,577
57141dd84775a7457fc7916d,é’¢é“M~,1,20,105,86
58d7849282ec391f2b6c3d4d,MissTommy,2,164,1,4400
57fd94bc5e87e702b6c2013b,seven,2,1032,18,7655
58748dc682ec39103b22089b,æœªæ¥è¶…æ¨¡çš„éº»éº»,1,44,26,172
5aedab5ae8ac2b5ad4ae2a24,é¦¨å„¿ç¾é£Ÿå¨æˆ¿,1,967,9,10490
573a62c382ec3934e915587f,ç½ç½ç½ç½ç½å­,2,556,115,3930
5abe49f211be1067531ff10e,ğŸ’“JIAğŸ’“ä½³,1,404,259,1302
5b28f1d04eacab6557618264,å¤§æ²³åŒå­¦,0,566,16,801
5abcffb74eacab3b2cd68561,ä¸€å¿ƒåªæƒ³æŒ–é“ç›˜,1,27,8,220
5b2b711f4eacab08ebb8e2bc,åŠç‚¹ä¸ç”±äºº,1,20911,0,171902
5ac613be11be1021660bb50e,æ¨å’©å’©,1,52,51,370
59378c7750c4b4022c427c41,"a-yanâ¤""",2,2,22,0
5b3ec34e4eacab6930e1c5a9,GREACEğŸ‰,1,0,3,0
5a557f15e8ac2b1986fb01e4,æˆ‘è¦æ‰“çŒªå¤´é¥¼ğŸ·,1,9,34,52
575c3e1f5e87e76026ee01e0,é™ˆè““ä¹,2,8,20,550
5accb2cde8ac2b2737c403f9,è´è´æƒ³ç¡è§‰,1,12204,12,105499
55a25030b7ba2215ba75dea8,Cherylæ¢“æ·‹å…’,2,161081,144,142919
545b8cfae779890cf4621a11,å°é›ªå„¿,1,311313,129,130085
5a96347d11be1055411f3a10,è«æ™šæ‚ æ‚ ,1,226,7,4773
5a787a3611be1053820d6bc0,å¼ æ§‘æ§‘,1,2034,28,27931
5afd51d8e8ac2b03de9c7982,lovina032,1,534,12,2450
557148a73f0f3c44a27f1820,ğŸ’­,2,48,4,389
5ab51eb411be102edde67d4e,Jan-tianhuie,1,5,64,1
5b001d924eacab47fba04e60,ç”Ÿå¦‚å¤èŠ±,1,10658,11002,8514
56f476571c07df73400f0516,å·´é»å°èƒ¡æ¡ƒ,2,869,67,2863
586abce06a6a69622642924e,YuXn.ğŸŒŸ,2,88,42,1261
5b35e2e7e8ac2b6a8cfc1557,å°é…·ï½äº’ç²‰å¿…å›å“Ÿ,1,317,231,77
5a0bdec811be101b80353fae,80design,2,2689,62,10796
5aed28184eacab237e186b12,mangoGoæœæœ,1,1738,27,25088
5a7fb221e8ac2b19194327b4,liminses,1,11308,55,142077
592aca456a6a69570b603018,åƒæ‰å°ç†Šæ‰‹å„¿,2,8172,38,41489
58a1ba9082ec39354e9a7f22,é²å¤©ç¦,1,11750,10,11687
58561b3f6a6a696ecdda4fce,å­”åœ°å“²çš„æ…§å½¬å…¬ä¸»,2,6,23,24
5b2f009711be102205a3cf53,è¢æ…§ä¹”,1,59,6,2769
5a8e4f4b4eacab78e1d48ab9,å°äº€äº€ğŸ¢ğŸ¢,0,4,8,1
5624ff110bf90c374da3951d,æ­Œæ­Œy,1,196,24,1355
5ab5cf39e8ac2b0f81a529ca,å°æ±¤åŒ…å¦ˆå’ª,1,11518,7932,59391
55868563e58d133ef0d83925,sevenrain,2,43133,283,179961
5940ea7f50c4b432c4d5c217,ElenaZhou,2,589,32,13593
5710f79084edcd6a12aa5a21,å°‘å¥³çˆ±åƒæ©™ğŸŠ,1,22582,77,85991
5a8b0c994eacab6d006b3323,å”¯è’,1,7331,10,83057
5b028e8a11be1049494a00ee,Young,1,28,3,453
55d0b01458944634068cac3d,Misaé…±,2,79,56,466
5afe948111be107892317023,æœ¨ã®æœ¨ã®,1,5,8,4
578e1a765e87e7314221b5fc,å°ä»™å¥³ç§å¨,1,40,18,598
5646abb9a75c95189e917ac3,é™ˆç¬ç¬çš„é™ˆ,1,28133,129,29796
5a82ff0811be101f7d14e69a,LoriğŸ‘‘,1,76,12,2650
5a3e2dee11be103d38d9c198,å°±æ˜¯poppy,1,11,9,463
5a94e27411be102862f3ab18,ã„å„šå˜«ã‚¢18562587007,0,18,163,23
5507bec2d39ea24776106b60,å¤šé‡äººæ ¼,2,13360,192,97581
55bc9c4a67bc655d38eb26b8,â™¤,2,9,5,31
592b8e50a9b2ed7de37918a0,å°é›¨èŒœèŒœå…¬ä¸»,2,10918,2907,44811
53ff210db4c4d6241fe98d73,å­™é—ªé—ªâš¡ï¸,1,217514,646,748798
5adaf521e8ac2b3b1cab4a3f,å‘å¤§å”,0,157,36,955
55ca182567bc6524032c6d51,yingyingå°å§å§,2,6,21,84
59bce78744363b4cc88bec34,éš”å£å¤§è‹,2,59314,127,377402
5aa7d5c3e8ac2b075b74378c,é˜³åŠä»™ï½,1,170,39,1225
566a7ca4447608280cec0d15,YangFanJame,0,1363,5,1406
5a002dbce8ac2b0dc16860b1,æ©™å°æ©™æ©™,1,49933,44,13132
5b11147e4eacab12a48ef0ff,å­™å°å©§,1,2865,0,48732
5571d2203f95a32451d60e73,è€é»„é»„é»„é»„é»„,1,230054,2010,270953
5923ce996a6a69204edb16df,é˜¿é¥å•Šé¥_,2,286,11,6454
5a57415ce8ac2b596bbe76b9,COLA,1,29,7,1011
58c7cbb950c4b437ba2afd13,ç‹å­ğŸ ,2,298,8,3116
5a64dc97e8ac2b0cf08bbab6,é˜¿èŠ±èŠ±é…±,1,306191,32,204012
5b0d5603e8ac2b536979bf8e,å–œå®å®å•Š,1,3247,15,50646
595685eb82ec3930e1ef398f,è¥¿æ­ªæ­ª,2,108,54,994
55c3886e67bc6537f88f0c18,å¡è·¯é‡Œè€å¸ˆ,1,2121,11,3489
590e84c882ec391ad9cca4c9,èƒ–å¤´é±¼ğŸ’¨,2,336,15,829
5af0668411be100c8e620f43,Daybo,1,36,4,1147
567e53944775a753f94f907b,äº”é…±,2,1408,32,2285
547c8250d6e4a94c08861b04,aboutyee,2,496554,189,362479
5adb7180e8ac2b7614cff67c,æè¿™ç§ä¸œè¥¿,1,76,0,2150
55dc7f88e4b1cf1f31eb3868,å¤±è¶³å°‘å¹´é™ˆé²å‹ƒ,2,1441,497,10816
5b1fc0cf4eacab3d1352a4f7,Yå°å§æ˜¯æˆ‘å‘€,1,17050,10,11393
56c79634aed7586ac9a1c568,Qinn.u,2,485,64,1343
5792e7b76a6a6940e37bc511,miyağŸŒ™,2,2969,32,36505
5afb7e964eacab2c5125cac8,å—œç”œå¦‚å‘½å°è¯´é…±,1,2652,0,14807
5ad433ee11be107ecad35203,å°”æ±,1,1822,770,11024
5447c245d6e4a97c342ab28a,Lynnforaaaaaaao,1,45909,400,100474
55879d1d5894462de8a55581,å—é‡¸æ£‚å­,2,4099,30,61308
54b9f1a9b4c4d66bdb5b794e,ppç†Šä»”é¥¼,1,2866,50,23558
550261afa46e9652cc39409a,GigiğŸ’­,2,45,6,146
5a11adb911be101018ba70a3,èœèœjessic,1,95,22,609
574a3e8e82ec393deb6a7e0f,é›ªç³•é›ªç³•ä½ åˆ«è·‘,2,31,44,242
5571a26822cfcd70e15df46b,å¤©ç„¶Dan,1,159,17,2015
5b1e4fd511be100de7bf1283,ä¸‰å…ƒæ˜ åƒæ‘„å½±å·¥ä½œå®¤,0,37,64,40
5ae2beae4eacab5f9ff91697,hiå…œå¦ˆ,1,240,32,906
57072e6184edcd701cecd7b7,è²è²FionağŸ’«,2,10263,90,57687
59c298796a6a691810124e8d,Chenkks,2,12232,7,40931
59364f3ddb2e6069238ff2ba,fanfaning,1,186,4,1697
54e68a8f4fac637488702384,å°èŒ¶èŒ¶çˆ±å–ä¹Œé¾™èŒ¶,2,3947,7,17974
5ae11c7111be1010921382a5,ç§‹æ€¿,1,2,26,0
58970da45e87e73b797b0d01,Nicoleå¤©å¤©2017,1,311,7,4241
56dd5ed41c07df53cff8eb6c,å©šç¤¼æ‰‹ç»˜å¸ˆæœè•Š,2,12,38,0
57cb68ab50c4b41a7a8d62ce,JianHeiZhing,1,1113,14,62821
5acf7d7de8ac2b753f617762,è”¡è”¡,1,41154,4,90800
59f48b664eacab21b9a4b6c7,é‚“é˜¿å§¨ğŸ’¨,1,86,79,1187
591373ed50c4b4213f13c579,æˆ‘æƒ³æ‰‘å€’å®›å®›,1,9553,56,42530
59fc58d5db2e6078496c2984,è‘£æ²æ¶µ,1,27,0,250
59d8bbfd44363b3e5f0e6bda,è‰¾ç³AileenKowk,1,31083,227,13045
5a163db611be1074fe855e90,å“’å“’è›™,1,4987,61,107428
54e5b729b4c4d65bfb47e87a,QLHHHH,2,3494,99,29948
5abba2194eacab3b802b01c9,å›­å­é‡Œ,1,813,990,730
5a0da17e4eacab3fe31d6928,æ±Ÿæ±Ÿæ±Ÿé…±,1,18,32,175
58aef6eb82ec39309d92ebfe,NerissaCN,2,8584,137,44449
5adaf0ce11be102b8613a8d3,å°é›¨ç‚¹,1,1935,3723,2996
582d96f06a6a694cc47308c3,å¨±ä¹è–¯,0,5063560,1012,614610
5b2dfb884eacab34211783cb,æ˜†æ˜å©šçº±ç¾é›…ä½“éªŒé¦†,1,79,11,915
5b00476a11be10451e1ac9cf,åˆ˜shæ™“å©»ç¬,1,4,34,3
56b84511cb35fb6b89616e22,Blaseæ¹¾æ¹¾,1,1289,9,1374
59af8c8e5e87e75d9b0d5bbe,æ¥¼â¥å°ä»™å„¿âœ¨,2,104,43,679
55dbb00762a60c71c180563f,å¤§è¡¨å§Freya,2,21,11,52
58464d3f5e87e734dc52aca9,åœ£æ´senggie,2,19,13,11
57b1b3a45e87e70b60c9e980,galaxyğŸŒŸ,1,4809,20,91275
5688b4a282ec392df78cb159,Celiaè¯—å„¿,1,11875,85,69172
5a0ff0ca11be106bfda51806,å¤ªè…»Niii,1,15077,112,132221
597021ef5e87e72b5d604c80,åŒ…æ–‡å©§,1,764377,25,527967
54a214efb4c4d620bedf646f,âœ¨æ‡’çˆ·æ»¡æ»¡æ­£èƒ½é‡ã€‚,1,9545,4,30585
5998b41b50c4b4724a3f0cc5,æ™šå¤©å°å§å§,2,143,8,4019
590ddaf382ec397e49bfd3ce,ä¸€ä¸ªæ‹¥æœ‰å°æ¢¦æƒ³çš„äºº,1,87284,11,3193
5ac975004eacab10969608a9,å°çº¢è–¯5AF7F132,1,6,73,6
57764ec450c4b42f1d5d7334,é˜¿è²é…±å°å§,1,10,5,31
5b3dbf18e8ac2b27de0c2c24,æ¯æ—¥ç©¿æ­åˆ†äº«,1,2,12,1
53fb3a61b4c4d67cd8a0bbda,cathyyyxiğŸ’•,2,22,9,134
53cb9b14b4c4d60d2fd84d23,ç•ªèŒ„ç†Šå¦¹,2,65,20,555
59db1bdf44363b3aaa12e723,åŠæœå­ğŸ’,1,107,7,2879
5875f59750c4b40383612e00,Audreyç©¿æ­ç¬”è®°,2,178020,22,178538
55248b54b203d93a743ea1fb,Rosie_,1,746,18,10848
55dc567fc2bdeb1510442d37,é¹¿é¹¿è‹,2,1031,8,10686
5b1f7156e8ac2b2ec7d12816,å°çº¢è–¯5B3E76C4,1,1809,17,19893
57341f3f50c4b42a23a08e4f,ä¹æ‚ å¨æˆ¿,1,3248,6,37910
58eace046a6a697b7a0cd8be,çŠå°æŸ’,2,11699,9221,16216
594e6c466a6a6906dac838c8,--å­¤ç‹¬æ˜¯ä¼šä¸Šç˜¾çš„--,2,13,48,10
5aa00dd711be107b5b622cf9,å•Š-hui.,1,76,21,733
5a7e2904e8ac2b5dde2c305b,è¶…èŒæ··è¡€å¥¥åˆ©,1,15939,26,21528
5b1727584eacab398cc94c90,ğŸ¼deæµªè¡æ—¥è®°,1,296,0,4583
5afefc61e8ac2b44e263d528,éœ¸æ°”çš„å¤§æ¼«æ¼«,1,2271,27,10223
5a7f7b7911be105f575a7e0b,åˆè§meet uå©šçº±ç¤¼æœå®šåˆ¶,1,13,24,5
5ae30995e8ac2b7e5eb625ab,å°›å¯¶,1,396,12,1163
56d3e2891c07df047750ed88,dear u,2,14775,12,71516
55d037bf67bc655e01afbe94,é±¼é¦™è‚‰æ€tess&14,2,215,19,4050
55613c0aa75c955de1b2a6dc,summerÂ·M,2,206,94,3573
5a1d94b94eacab4077a86b09,é¦™é¥½é¥½,1,756,25,21955
5acb1b7b4eacab05df6f31a8,babyèˆ¬,1,57,70,807
57e0ee6282ec390eeb748d61,Monchhiæ‡µ_,1,42374,10,46448
5a4c7a04e8ac2b37a5e44ee1,è®¾è®¡å”å”,0,53140,612,165045
5a87abd6e8ac2b3ca6ab82ce,æ—æœç„¶,1,79173,56,717508
594b891e5e87e7096606d1e2,é¹¿å…ˆç”Ÿ,2,3981,28,44759
5a7eb8bb11be102c42ba29be,èµµå°çŒ´,1,988,14,12581
55afad26b7ba2250d7750c42,é˜¿è–‡ğŸŒ¸,2,63,11,307
566e3fb5589de3738a1aa534,ğŸKikiLooğŸ’,2,210,28,1569
59b11ea55e87e729aa1531e0,ç‡ƒç†™flower,1,29,0,53
587085596a6a69025005226b,é‚µå¥¶å¥¶suki,2,13174,118,54917
5754439b50c4b46c188e52e6,äºŒä¸¤ç³¯ç±³,2,203,4,4627
59815590b1da14408d745e92,WeddingIsmå©šç¤¼ä¸»ä¹‰,2,17538,14,41074
58fd96255e87e71f726905f1,æ—å…Jelly,1,7806214,26,3527084
5aafc2c9db2e601db1abf7f5,å“ˆå‹’æ˜†çš„ç¿…è†€åœ¨æ­¤,1,11,13,105
5586312858944673d5a17a94,æ¬£æ¬£å‘¨âœ¨,1,4920,78,27488
55a0e22c62a60c75576b7432,Minami,2,1456,11,13247
5875958882ec392558477d1f,JINGSchannel,1,34636,312,46829
5a2142d811be10395527a032,è‰¾ç±³13720282605,2,147,4,3873
5730a1e16a6a696f1915891c,å¥¥é»›ä¸½è‹¥å¦¹å„¿,1,1566,5,8237
5a9249c0b1da142ef3b1d267,vivianJYå“ˆå°¼,2,82,2,312
5a76683a4eacab7dd54513c5,æ¨å…¬å­,1,3727,41,39237
58618d4550c4b44180845baf,æƒæ™“å¥³ç‹,2,1440,50,47957
572c207282ec39629cf2a1e4,å‘¨åš’åš’momo,1,62483,141,54439
5921164f50c4b417b8293877,å¿˜ä»”å°é¦’å¤´,2,329,11,11393
5657b59144760804fd1fc201,ç™½å¤§é£,1,4389,109,17292
56c4304184edcd66f450b9d3,ğŸ° viki,2,40,102,1513
56692c84e4251d0b0f583746,Jadeå°å©·å©·,2,13,14,17
5b3368fbe8ac2b4b2c479997,ä¸å½“è€å¨˜,1,61,19,2067
596af4ab6a6a695d4c20779c,æˆšè–‡å®¶çš„å°ä»™å¥³,2,38,3,286
5811ab0b50c4b46a3c8e5897,æ¶‚å°å¸,2,2191,38,30750
58eb90415e87e75db44e1b44,æ±¤è¹è¹_58ECD820,2,496,15,6318
573c58705e87e70759fbb3ca,ä»™ä»™é…±,1,22,10,56
5b238c8e4eacab6b51e290b8,ç³€æ¤›å©²,1,235,27,3547
55f57c7db7ba221b1fecd1dc,çŸçŸçŸæ†¬,2,51,33,1004
59316a8a6a6a697354a3edf9,BOOMING ç¨‹,2,42,61,47
581feb706a6a6906a81bd283,é»„æ˜Ÿæ˜Ÿfanfan,2,21743,11,11634
5b12c44f4eacab58159a1be1,å¤§ä»™å•¦,1,604,14,9564
57aea52f50c4b464aaa0d974,æ­æ­å°æœ‹å‹,1,13,0,5
56e36a29aed7584b91a34d0e,Jourlin,1,1877,86,28473
58ec704c5e87e7120984c682,æˆ‘æ‰æ˜¯å¼ ç»§ç§‘çš„å¤§è€å©†,1,461,62,4171
5b0e54594eacab4d1bc5a69b,ä¸“æ³¨äºè£…ä¿®çš„,0,4732,1,16774
5aab659811be102f33429d37,è”æå©¶å©¶,1,19344,33,215535
57b70b136a6a696401665f8d,CatherineGuan,2,446569,19,149820
56bf0f8fb8ce1a66d39432f9,Sindycdx,1,168,11,1605
5a443e3a11be10425db36fcb,ğŸŒ,2,9,11,7
5558408367bc656c06f3d540,äºšéº»å…”,2,36,18,1
5b2f2d304eacab4aa9fdffbd,ğŸˆ,1,4,1,107
5a38a3c64eacab4be29b6d24,MapleLiu,1,17481,25,35899
583068b382ec395e16c23720,ç¾ŠğŸ‘ğŸ‘,1,6,0,14
59ffd5384eacab2b3cfaba2a,ç²‰è‰²çš„æ¯›å™œ,1,6358,16,87710
5b2afc2111be100f0e78ad01,æµ·è±šæ˜¯å°ä»™å¥³æœ¬äºº,1,9541,55,201
5b2b2fa0e8ac2b778fafc84a,å¢¨ç»¿å¢¨ç»¿,1,5184,8174,1236
5b15047311be104d84b12f13,èœœæ¡ƒå‘³çš„sikiæƒ¹,1,894,19,12042
5a2972ffe8ac2b22cecfbff6,kaka_lam,1,8655,61,7655
5a9142d6e8ac2b3f9ffcc23b,Hodor,1,0,0,2
56572a75b8ce1a40a49ae94f,è´å£³mummy,1,25599,104,59630
5b35ac9de8ac2b524bc33498,sugerğŸ¬ç³–ç³–,1,18,6,2256
5a92104ce8ac2b07eeff9e95,ç”œå¤§å‰,1,0,11,0
5afa47ece8ac2b1661426451,ä¸€ä¸ªæ··è¿¹åœ¨åƒè´§å±Šçš„å½±è¯„äºº,0,38,14,472
5b0baae6e8ac2b102f043c0e,é’é’,1,199,21,4314
5b2a793b11be100f9b9eb179,Daisyå½±è§†,2,280,301,1945
5695c1f16a6a694d97356f79,é›ªæ¢¨å„¿ğŸ’,1,262,33,6705
5af2f78511be1035a56dad66,Michelle.xt,1,76,4,2241
592db9d182ec3914b37f5602,hr123y,1,1514,3,19400
5b3cd506e8ac2b34e5d5fe0d,Blue,1,10,11,538
5a58b9b0e8ac2b7c77a2c3d4,å°å’–å–±,1,13472,4660,31202
5761e3686a6a6920669f2fd3,å’–å•¡è±†äº†ä¸ªè±†,2,171,32,3076
599f90a05e87e761e0e9a4b5,æ¢¨æ¦¡,2,23,13,387
5acdc3aa4eacab39a8a34528,Mingå¥šæ¢¦ç‘¶,1,170523,0,26371
59a94dbb82ec397e87abfd4a,yugefly,1,405,80,2404
5a311ca7e8ac2b4dce79089c,æ–¤æ–¤é…±,2,50193,23,95540
592b90ac5e87e72c6869f215,å˜´ä¸Šæ˜¯ç—£çš„å§œå¦‚å¦‚å¦‚å¦‚å¦‚å¦‚,2,19965,58,56194
5b20b3d6e8ac2b43f56871ba,å¤æ´›è¨Summer,1,1830,28,25142
58a718855e87e76d2a8f785c,24-èˆª,2,3291,39,2793
598d61d86a6a692151a604cc,killiancle,2,63653,236,551190
59c602d751783a33bc720a51,æ± æ± ,2,23,102,180
569537cce4251d7a43f07c32,su5u001,1,1163,34,13003
5804b0867fc5b813344a0c5a,Ula,1,3975,27,14698
5485b921d6e4a92d747bf671,å°å¢¨å’Œå°æ±,2,789,18,7147
583eca8d6a6a694e714573f1,å…ƒæ°”å°‘å¥³,2,421,4,4895
5ae2d027e8ac2b5d3d3465d8,å°è€³é’‰,1,145,6,3412
5aa074db4eacab2dca66ae88,ğŸŒ¸vickyé…±é…±ğŸŒ¸,1,6958,4279,92072
56975d93e4251d120c6de7aa,å†°å´½Moirai,1,726,33,6115
5836868a6a6a693895b50cf2,é™ˆå°è“,2,1019,59,6620
553202619c5a6e0c1a32b14e,ä¸¸å­,2,57,12,782
5482e85bd6e4a96b141323b5,æå¯¸å¯¸,1,892,15,895
563bb272f53ee008354c231e,ï½‹ï½‰ï½O,1,26111,138,90778
5b18917c4eacab757d302d12,åœ°é‡Œä¸€é¢—å°ç™½èœ,1,1695,10,24849
555ac246b7ba221e3eac6d06,tystc_,1,772,104,15289
54af8b2ee77989297e437595,å—å—å—ç“œ,2,1655,5,8665
5880d57882ec3910692e4a03,xinbaooooo,2,217203,322,224636
5a54c97be8ac2b462daf2b9c,Lunasays,1,6,6,103
5627698ae00dd813d983e768,JollyCc,1,1756,81,13733
57e96b4182ec396b58337437,æç”œç‘œLaura,1,1345,109,5077
564559e2a40e181f6506b698,Mentenli,2,17663,197,110070
580da2e982ec39760cf346c2,äº”èŠ±è‚¥å¼¯,2,60,38,551
5a0263e14eacab2455c9337e,æµšbaoå¦ˆå’ª,1,1468,3,11920
5b04c8214eacab65e711a742,æˆ‘å°±åƒ1ç‚¹ç‚¹,1,3366,34,35393
59e70bd54eacab08832e19c6,ğŸŒ±Jtt,1,6,7,22
5afaf96ae8ac2b71ccf1901d,ç™½é‡‘æ—¶ä»£,1,11816,21,4058
589721a96a6a693737528992,å°èƒ¡èåœç‰¹.ç³–å¦®.com,1,11643,28,20726
5b1ea30c4eacab3878207ba2,Mandarinæœ‰è¶£çš„æ¼«å¤§äºº,1,6,50,37
578604ec5e87e713ad5bf33f,stoneå°å¦ˆå¦ˆ,2,15516,177,67161
53ecd973b4c4d662511b2818,lotusè–›å°å…œ,2,248799,305,247420
5ad3f9ed4eacab10caf3eaa1,å¤§ä¼¯,0,196,7,1959
5947e83450c4b44c09f0563a,è“‰è“‰åŒ—é¼»ğŸ’›,2,7,8,93
558d1d3fb7ba2262710af891,Dawn_nini,2,222014,170,343650
588d95997fc5b87f3d6d0cc1,å¤§å“¥ğŸ¤,2,245,15,1512
59f9da204eacab6c16f4504c,è¯†ä¸ƒğŸŠ,1,318,17,3025
5b15e1b1e8ac2b48be6b0359,æ¯›ç€šéœ†ç»˜ç”»è‰ºæœ¯ç©ºé—´,0,3622,118,6424
574c740282ec39459f8e2fb0,è¿è¿ç†Š,2,622,65,9332
55c7f308a75c9516cec6ff7f,æ’©å¦¹å¤§é­”ç‹,1,30401,97,62181
599d73456a6a69640f818ead,å°å¥¶å®mil,1,5473,45,53450
5aa3b89ce8ac2b28bbfa1f31,solirie,1,424,21,10154
54b0907e2e1d936e22074367,å°å¥ˆnana,2,22204,254,152072
5973166e5e87e769808e9bf5,ä½ çš„å®‹å®‹Andrea,2,1506,132,8185
58155b9d82ec3910f3510809,æ£åœ¨å£è¢‹é‡Œçš„é‚£ä¸ªä»–,2,158,25,459
557161e6a75c951f87e001a2,æœ«å„¿MonicağŸ¦–,1,156745,210,142052
59edf5f94eacab193b8b1478,å˜Ÿå˜Ÿå¦ˆ,1,59,124,421
58c627715e87e70b703d6de0,ç¿å¤§å®,2,199311,169,16839
5af04786e8ac2b126afa33ad,ä¸ƒæœˆ,1,735,14,4644
5a41afae4eacab551fd10a6b,ğŸ€æ½˜å°æ™¨ğŸ€,1,25201,65,137322
59533ebb50c4b44a0f446805,Linå¼ æ—è¶…,2,31656,18,12683
541bf9a4b4c4d678bd5b4ec8,æŸšæŸšfamily,2,10,23,1
59f072e0e8ac2b7e700caccf,è™å°å¥³ä¹”,1,32,80,50
58eb2cab50c4b4391b9cd510,AğŸˆå¬·å¬·,2,287,44,5655
5a4ca35fe8ac2b41c2e82964,æ—æµ·éŸ³,1,15012,71,14798
5a727b9111be10473ff3e445,KUwawağŸ°,1,2,38,2
5ad82ad9e8ac2b76901331bb,æ—æ—èŒ,1,85,2,228
587290aa5e87e77d92bfbae6,lunağŸŒ™,2,3659,43,41364
5b062d06e8ac2b1ceddb3a4d,ç¾èŠ½é…±,1,5955,34,78988
59d8f3cc20e88f3083fc26a7,Zzoggi,1,436,37,6233
59f46a3e4eacab780a50ce3d,ç³–ç³–,1,169,40,267
555da2ecc2bdeb79276eea92,CoConut,2,342,17,5110
573634f250c4b441b1e56741,å¥•å«é…±,2,134779,398,876835
54dc2dacb4c4d66722dbe88d,äº²çˆ±å“’å°ä¸,2,51,0,291
59e0a6326eea88356145d453,_JIngerXi,1,5,3,22
583802b25e87e71a086bc29a,æµæµªç¾å°‘å¥³Susie,1,4293,49,15560
5570892967bc6566502d8ac3,elly_hhl,1,116,36,5846
576a94b150c4b41fe1f079f8,å¤±è¯¯å¤±ç‰©,1,1101,37,5775
5961d56d82ec3959cd0d5ce3,æ¸ºäºŒ,2,25,7,409
5b04eddb4eacab78d80204dc,é…·ç‚¸å°ä»™å¥³,1,872,30,7998
5606b89162a60c36e77ad3da,å­å­æ´‹,2,148521,105,422798
5b394a2b11be105037eb826c,é•‡æ±ŸäºŒçˆ·,0,1,53,0
56c9664884edcd6fc9d99d4b,è¥¿æœ¨åˆå¯¸-,1,321,41,5192
557c00b3e58d136571b1297b,è–„è·é¦™è•‰å‘³çš„è§‰è§‰,1,17465,120,172692
5995db285e87e762e52bb09c,è“è‰²æ³¢å­æ±½æ°´,2,45,41,384
5a7b22be4eacab0b34b9128d,å¤±çœ å°‘å¥³,1,4,4,5
58fc37775e87e7211dc48c1b,Ainilläº®äº®å„¿,1,29,28,339
5a7c0d0ae8ac2b746a0addb4,æ™—èŒœå„¿,1,30746,32,145584
5b08cabee8ac2b4f980aae1f,çˆ±ä¸Šç°å§‘å¨˜çš„åŸå ¡,1,1136,16,12397
5b0d57ebe8ac2b6085b7ee8b,å°å¸½-ä¸é½èˆå›¢,0,815,6,1391
58971e076a6a6932e1528921,CherryCony,2,26,84,247
5b2bbac5e8ac2b49e0afaa6d,å°å˜Ÿ,1,724,270,578
585034cb5e87e7656bea51d1,S&LğŸ‡°ğŸ‡·æ…§è¾°ç¾è‚¤-ç°å§‘å¨˜,2,16,11,14
58aac7e482ec392f81364db1,æƒ…äººèŠ‚å‰ä¸€å¤©zy,1,23,109,0
5430e96dd6e4a913f84e4518,Scarlett_Zhou,2,122,31,619
5aaf794de8ac2b198c647ba7,å°é‡å¦¹å­å­¦åæ§½,0,74823,1,139770
5903f92582ec395be2fd60b6,UPBEAT,2,479,25,7855
5af96fad11be102c2c973a59,çŒ«ä¸èœ€è‘µ,1,423,14,10632
56cabc0284edcd1d8edb7ecf,æ›¦ğŸ‰,2,3,4,42
566240eccb35fb37d662e7a4,Tionne,1,2296,107,8878
5ada9ecee8ac2b16fe39201d,é™ˆæµ©ä¸œ.,0,21,2,68
556dd45df5a2635ffa8fcc1c,Helloå°ç¡®å¹¸,2,159565,144,84679
59fc152811be1014d9acfdb0,è²è²å„¿ä¹”,1,24,57,258
5aeff92fe8ac2b68f0352021,æµ·ç‡•å•Šï½ä½ å¯æ¥äº†,1,4,14,6
583a8aa282ec3947a66dc0d1,CZP030209,2,12,4,16
591538455e87e7045ed7e826,å•†æ€»ç”œç´ çº¯,1,25570,77,25386
5899bb0b82ec3905451a82fc,chanyeekeiä¸ƒä¸ƒ,1,1628,114,23528
5630e9b603eb8456aa39477a,ä¸Šæµ·è´¼ç‹è·¯é£é£,2,168,97,533
5b36e2d9e8ac2b5866cbe42c,å“†å•¦Aæ¢¦çš„Aæ¢¦å‘€,1,5,23,4
57abe7a050c4b44c57e4d57e,å°å°ç³–,1,11,0,14
5b099bca4eacab09ccd0c72a,è‹¥åªå¦‚åˆè§,1,153,24,3815
5598ee48a75c956b5cb954c1,å¤©å”±,1,12226,39,4653
556e6c41e58d132eb606724b,ciciwish,2,323,4,3309
5b2cd6c34eacab3999f91ce4,JiNgWeN,1,1554,34,5840
561fb4933f0f3c13aee2939d,æ—è¯—ç¦NICKI,2,1743,1,7025
565b05a1b8c8b42ff1097d71,LindaLiu0203,1,84,3,125
5b3f374a11be101210d0db37,éƒ­æ–‡å¨Ÿ,1,23,27,8
5aeefb354eacab7c54a82310,xxxibgdrgn,1,2000,3,8998
59447700b1da144719bc18db,æˆ‘å°±æ˜¯ç‹é™å‘€,2,128,62,871
576de9165e87e72fa1709268,Sakuraa_a,1,22,4,616
5b03be0ae8ac2b777b531e79,å°çˆ±çš„è¯,1,521,35,5905
594dfbe850c4b470eebcab95,Ironê³ ë³‘ì² ,0,161514,41,189963
55d99833f5a26377a030cbf8,å°AG,2,94376,61,63769
5aa24ee411be107effe483d8,å¥”è·‘çš„å°é¹¿,1,202,4,42
580df97750c4b43df4e07f8a,è‡ªç”±è¡Œèµ°çš„èŠ±,2,5053,113,13691
56213f600bf90c7850ffd69c,song,0,653,0,6893
55fac209a75c9526eeb7fb35,77,2,249,17,2877
5b32db644eacab759fa96481,å¤å¤å¸…åˆ°,1,2,8,1
54e86519b4c4d64271880caf,miä¸å´”,1,17,4,78
588a43435e87e77f5cbb34e4,LLyå‘€,1,28,92,45
57e8df8a5e87e77e84d877de,fakesheep,2,138268,99,108771
584ba9da6a6a691afa37c163,é™ˆé±¼é‚£ä¸ªè½é›,2,2490,63,23057
5b28d1744eacab5b8de388f6,ä¸€åªè¡—è§’çš„å–µ,1,2180,11,39970
597ea2f55e87e7629514afbc,Jasmineå°éº¦éº¦,2,684,65,9616
58fb69435e87e772a2c48a6f,èˆ’èŠ™è•¾_58FB6CE0,2,1,42,2
55fab816e4b1cf4f4114da8c,ä¸€åªæ­ªé˜¿æ­ª,1,212878,140,200684
5a093f594eacab57c9eaf0de,è±†åŒ…,1,8,2,35
5afd8eb811be100cb695fbf2,è•¾è•¾è•¾ğŸ¥,1,8,5,77
5b3dcdba11be1067245f8617,å°çº¢å¸½bca,1,511,1290,1155
591956bc5e87e75f6e0510b3,å®‡å®™åŒ¿å,2,21400,11,27586
5978ad6c5e87e728969b1125,Vivid_,2,22165,16,101461
5453e378d6e4a95a97c916aa,èŠ±åƒäº†é‚£ä¸ªé•¿é¢ˆé¹¿,2,107,21,2192
53f1c2b8b4c4d679e9b36fcf,å°ç¾_Miranda,2,257,81,2192
5b3340f511be1013591f40bc,å°å°ä¸ƒä¸ƒ,1,2,10,0
5ac18d13e8ac2b11231b2e68,chow_w_w,1,33882,2,88510
5a1e3b914eacab7813bee578,solace,1,21,23,132
58b4678282ec39257f519b95,ç†Šç¦æ…§,1,228,3,657
5b41ee9d11be105271dfbde3,aboutyee,1,0,6,6
56a373a91c07df26ca5f6853,å‰å‰ğŸŠ,2,340,61,5906
59d7931744363b28f2dabe0f,æ˜¯3å²å•Š,1,492944,56,174211
5a8ecb764eacab2911012ec5,yuriaaaaaaa,1,0,2,0
5b20a4544eacab2c3f179301,è¿Ÿå¤§å¸…,0,5,40,5
5b09566711be106e6bf88fcb,å¾®å‡‰,1,1,5,9
58df46345e87e70efce96bd4,èŒç…®è¾…é£Ÿ,1,250578,1,490842
56dcb58c4775a714240a582f,æ··è¡€èŠ’æœå°ç±³èŠ±,2,5405,48,9367
5a044d0d4eacab4784c8d31e,æ½˜ä¸¹å¦®,1,3,10,66
593911d66a6a6941084f177b,Ruwieå©§,1,45,26,831
58dcbb1150c4b448b56d5be0,é‚±å­èŠ¸å„¿,2,285348,13,109497
5b39d8fd11be101625632cfd,å°çº¢å¸½,1,4,3,5
566ee99a5e87e76776ab73cd,ä¸¸å…¬å­,2,11052,27,1081
5b08bf504eacab36e37962d0,wangå¨…å¦®å¨…å¦®,1,988,14,2317
5aa49dbee8ac2b12aa85f8d9,ç½‘ç˜¾éƒ­å¤§çˆº,1,166,14,4699
591f886b6a6a697a58db16bf,å°æ˜Ÿæ˜Ÿå’¿å‘€å’¿å‘€å‘¦,1,7,38,1
5ae64053e8ac2b6049024b5e,å°å¥³äººğŸ“,1,191,288,34
5ae2ea5311be1062a1dcb336,ç°å„¿å“¥,1,3,1,44
59036c3050c4b47d55967649,IKWAâ„¢ğŸ“¸,2,235,0,719
57b2d50c6a6a692a49570eb6,ç¨‹æ–°cindy,1,1086,29,21699
5b00353111be103d826014fb,åƒå¦¹æ—¥è®°,1,2,3,9
5a5adec44eacab10ccf5aa33,akay0716,1,17786,17,12636
58c66d5950c4b418b89dc922,èµ„æ·±é“²å±å®˜,2,270,21,2740
58e2553082ec390c82ed88c7,ä¼¼æ›¾ç›¸è¯†ç‡•å½’æ¥_58E39C8B,1,1,20,0
5aa14f8611be10097d0c20ae,çŒ«æŠ–æŠ–,1,42768,117,278821
5ae43bbc11be107dd041cb62,æ´¥æ´¥æœ‰Wayé­”éƒ½å›,1,23,41,154
55b02c3467bc650b502843cc,MonA,1,10695,31,2881
5a5629554eacab5a6912d687,å›¢å„¿_Yuan,1,40,95,362
5a7ff5c3e8ac2b3a39c3da91,LiæJiaä½³Huiæ…§,1,13,13,10
598d261b5e87e765bb3a4abd,wanng,2,506,45,5761
59eb6b0ee8ac2b6525bdadd7,HjxğŸ›€,0,18,61,205
5b2b6bf211be100353a5af60,æ­¤ç”Ÿæ¸…æ¾ˆæ˜äº®,1,3394,0,42328
599b7df16a6a6963fc70c348,å¥³æ˜æ˜Ÿç§æœåˆ†äº«,2,1121,15,16464
59af80045e87e7537d0d5977,Kimiå¦ˆå¦ˆ,2,1,21,25
56d5a41b1c07df7b2a9dbbcc,ğŸ°ğŸ€lisağŸ€ğŸ°,2,4,10,2
568373c76a6a693488deb2ec,Jenny,2,1219,87,4753
55b2c2d241a2b37290579cf1,æ³½æ³½ç›åˆ©äºš,1,388,63,6337
5642fde882718c05ec7779c7,å­Ÿé˜¿å§¨å¾ˆå—¨çš®,2,311,61,1985
55d2a406b7ba2232a1e1d812,èƒ¡èåœå°å§,2,11,59,3
599d5c8f6a6a69640ca56600,ç½—å¿ƒæ·¼,2,6,16,48
58f036ad5e87e765ba4332e9,å°æ±¤åŒ…ğŸ„,2,13,14,95
5a27eca711be102992f8f8ef,ç†™å…¬ä¸»&,1,1179,4,20011
56cbc771aed758288fa0611c,ç‹—é²µå®å®,1,32,43,105
59368e5f5e87e726f5abc46d,iiius,1,1288,33,20809
56508e83f53ee07114c3cdc7,CQJINJIN,2,37,10,100
551256dfb4c4d633fcd374dc,å…­ä¸€,2,25,25,6
59340b645e87e72e6c759259,MISS,2,1135,854,3225
563617fc9eb5786e5768c02e,Eternal Feminine&Lin.Y,1,18,9,1
5a1133794eacab3f0a777518,Mr.å­”æ˜,0,10,4,34
5666cbffcb35fb557f64f575,CiCi,1,292499,22,350494
5aa0b78711be10486d2bf56e,é˜¿æ›¼å‘€é˜¿æ›¼,1,4108,16,30199
5b3aeb1b4eacab29c7bc7332,é›·ç”µå®å®,1,0,0,54
5472d86ad6e4a961bd3e5eac,æ©˜å­lily,2,29,67,16
58a1d1fb50c4b461cac666ca,Bernice720,1,183,156,380
5b3c6776e8ac2b054548a355,è’™å¥‡å®å®ğŸ’¤æ˜¯ç å®æ§,1,100,79,750
53021319b4c4d63a90cea7f9,ameng_meng77,2,13049,563,130659
548138f1d6e4a9257f17b7ff,Harukaé…±é…±é…±,2,133249,286,81946
56c7c52b1c07df55fbcf384c,å‘æ—¥è‘µè¿½ç€å¤§è±¡è·‘,2,133,40,894
59dc7b3744363b0459fabe3d,æå°ç˜¦,0,1,4,2
57a61cb550c4b45020246f2f,æ¼¢å ¡å‘³å¤ªé™½ğŸ”,2,3489,27,34077
54c34aa32e1d93709ecfb86f,IridSong,2,77,18,1170
5a4071fb4eacab58033c50a5,æŸšå­èŒ¶ã€,1,20626,18223,81851
5833ef125e87e759dbde6cc4,è¶Šé‡å…”Rabbit,1,11422,103,87537
5b2cca994eacab3581df70f5,judyå¦ˆå’ª,1,0,2,3
5a7e8c7211be101bb9563085,ç²¥å°æ‡,1,1993,7,24124
590c7f996a6a691d57a20d52,æ¬§å°å§åœ¨æˆéƒ½,1,312,45,3341
5aab04f711be10077b1d5752,ä¸€æœˆä¹ğŸ’æ³¡å„¿ğŸ’,1,2,14,3
578451c882ec390618a05424,èƒ¡æ¡ƒå¤¹å­8,2,11,0,49
5b1a0652e8ac2b375d569260,å°æ²«å„¿,1,478,372,5504
595a8e335e87e75ba0164f88,å°è¥¿æŸšå„¿,1,1189,118,8418
5b15210b4eacab63680a443d,å…”å‡ è½¯ç»µç»µ,1,176,12,4233
58cc80c050c4b410dafce443,Dongå©§å–µ,2,8,25,191
5afc56f911be1001a93ecee5,å“†å•¦Dæ¢¦,1,19,0,17
5ac4711c4eacab734da66c4a,å°ç±³èµ´ç¾,1,44,401,213
5a2cdc314eacab7b093292be,å•Šæ˜¯å°æ˜•å„¿å•ŠğŸ’“,2,216,26,851
566f7e0e6a6a69607630750e,å“”å“©å˜£å˜£è„†,2,1038,529,7951
5ab9ebd54eacab052799c6b2,ç³Šç³Šçš„ä¸‹åˆèŒ¶,1,36442,0,145077
5afe5c7d4eacab7bfaf8a9d9,ç»¼è‰ºå°‘å¥³,1,516,7,5600
5a2d771411be104c1ac9e827,ä»™å¥³ç¾ç¼–nicoé†¬,2,20471,48,42841
5a868f6411be1033d0c01d17,è°¢ä¸€é›¶,1,17,15,34
5acf56724eacab6b6599f35f,tin9-LğŸ’‹,1,193,5,692
58b4e9f45e87e775d8846e6b,å¤šå¤š_58B55196,2,1,7,4
55f993d8b7ba226193273f1f,çº¢ç³–éœœ,2,706,17,1890
590fce166a6a6944fcb46dbb,MomLovesFashion,2,6391,51,4930
58a64cd86a6a6967be300fba,é˜¿é¼ å“¥çš„å®å®,2,14,35,0
5aa4855c4eacab6c1384dac7,å°äº‘é˜¿é˜¿,1,2350,24,39510
59d19b50de5fb42331fb9a91,é¢œå°å–µ_Cherry,1,836,19,5648
56c3f5ebcb35fb6a660e418b,yeqin526,1,38,11,101
54dd6d402e1d936d64815bc7,ç’¨ä¸–Twinky,2,25500,104,267549
5ab63bbde8ac2b3c2d4e22b9,Miumiuæ·¡ç„¶,1,112,42,956
5b3dc503e8ac2b2c4349834c,å£«å¤šå•¤æ¢¨çš„è‰è“,2,39,3,825
57de281a6a6a69048edfd5b5,é’¢ç‰™å°å˜‰,2,30199,33,40959
58b5b1a25e87e753bff6a237,æ¨æŸ³ä¾çš„ç¾é£Ÿå¨æˆ¿,1,1100998,256,1248585
599f62cc50c4b457842b31dd,Tiff,2,7663,494,23673
594f924082ec3925911c9817,ç‹ä¸‰å²_594FB24D,2,19,199,16
5abd7fdf4eacab146314b9a4,Yolanda.Huang,1,2,24,8
5aacefc8e8ac2b6bbf938c8b,å°ç±³-11,1,504,18,3645
58fc4a8050c4b4041da402bc,å°æµ·æµªå¤§ä¾ ,1,13,16,44
59a3eb5a50c4b44a28edd781,ç‚®å´½å­,2,297,39,4470
5ab8b0ec4eacab4d1bc90f6e,Jannies,1,6,1,22
5b39b9034eacab1311e7a274,å°±æ˜¯å¾ˆ6å•Š,1,22,9,214
5b0e4fc611be103c41f0c6b5,è¿½æ˜Ÿå°‘å¥³å‘å‘,1,110,13,778
5afa35d211be100706da847b,ç©ºæ¯ã€‚,1,1,0,0
54dc7623e779896176e23195,âœ¨è‘£æ™“æ™”âœ¨,2,99,8,203
5622323c03eb8460374bd464,Rdanli,1,17216,533,142017
5addac64e8ac2b785e61836e,æ™“æ¸”,1,128,20,3747
57df662150c4b44be2492b4c,îŒ‡Lyn,2,8,15,4
566eb601b8c8b43158637289,yuli è‹‘å­,1,1061,57,16111
5a71166111be1026a109673b,é˜¿å¸†è¾¾,0,634,1,14473
5905c99882ec391ef4fd6104,é™ˆç¾ä¼ŠğŸ’,2,116,24,544
5af7cd1211be106ef367da1b,ç™½èœæ¯”è¾ƒè¤,1,1,4,5
5afc4eb24eacab09dda1a063,ç›´è€å¸ˆ,0,34,22,453
559a4cd73397db6e132db1c4,è„¸ä¸Šæœ‰é›€æ–‘ã®å°ä»™å¥³,1,139,214,20
5620ac31e58d13771fd478aa,è’²å¤§å‰,1,830,30,10703
567d3dcbaed7582ff19836d3,yokooo0,1,2455,3,2971
59125c166a6a693b7cad11fc,ğŸ¬CandiceğŸ¬,2,45,29,604
5ae2d853e8ac2b6455e45cf3,æ·±åœ³æŸ æª¬æ ‘å©šçº±æ‘„å½±,0,145,85,3550
5b08c0cb4eacab36037d4679,ä¸€åªä¼šåšæ¢¦çš„é²¸,1,184,3,9111
5a66b6974eacab4b4479965a,æˆ‘çˆ±å°å’–å–±,1,14649,9970,69072
58aee4da82ec39137a4a048d,tomoé…±,1,6192,323,50998
5ae9df6911be1011004f66d4,ç‹¬è§’å…½çš„è›‹ç³•,1,3,9,3
5a98d16ce8ac2b15cfec48a4,éŸ¦å°é¹¿,1,19,54,113
5b20b0624eacab5e62e12f4e,call meå°å§å§ã€,1,549,430,1398
554a03a6a46e9666d075a999,å°ç¦æ˜Ÿæƒ³åƒä¸€åˆ‡ğŸ—,2,48,7,63
57612e575e87e73e54b85dec,ä¸€åªç±³å¦®,1,543,54,4005
5ad5ac934eacab5329716b55,æ´‹æ´‹,1,6013,6011,16122
55c0389e3397db0b21f94e28,ç”°å¤šå¤š,2,198,28,6167
59b7282550c4b415d24127cc,é±¼å°¾è,2,21,26,6
5b3c61fc11be1032fb3074e4,å¦‚è®¸é£æœˆ,1,33,10,166
57ff51e3a9b2ed31168c8ea7,Ly,2,5,20,9
5b0bb1dc11be1079f9870f08,å¤æ²«ä¹‹æ®‡,1,4,44,1
59bd015d51783a76d254701b,ç©æ€,2,30,13,332
5b42b2444eacab221d28def8,ç”œç”œ,1,0,0,0
57adeb786a6a697ece50980e,å½¢è±¡é¡¾é—®å­å®‰,2,13162,9,4543
56b55ff16a6a69325277a2a5,è“‰è“‰,2,45,11,8
53448edcb4c4d66a2a559dce,èŠ¥æœ«çˆ±èŠ¥æœ«,2,252,62,3916
56f5d3ea84edcd2633cbdb60,æå¥¶å¥¶çš„å¨æˆ¿,2,932469,244,460710
5739078c50c4b414ba957398,é‡ç”Ÿå¼ å’©å’©,1,67,18,77
5ac9d3bd4eacab6e2ae4adf7,è‰è“å†ç”œä¹Ÿä¼šè¢«æˆ‘ä¸€å£åƒæ‰,1,11,29,6
54f939a8a46e965d87c950ff,KK,2,82,24,60
5b29bf2b11be103e508a19e5,SA,1,473,21,4846
5a616fc2e8ac2b23eb2ec5e4,æœæœæ˜æ˜æ²¡è‚šè‚š,0,326087,122,602912
55e6807c5894463d7ccea416,.ï¼¯rzæ£,2,8,2,6
589d6a356a6a6957d45fc9ec,é˜¿ç´«Tt,2,4,10,0
5a64030911be10254e483108,FreyaLai,1,7,60,6
5afee3414eacab399c1e1ddf,kkkkkkkkkkei,1,49,0,261
5b3da16411be105814fdd52a,nonoæ¨è‹±å°,1,15,4,237
57302d8850c4b42707641eea,å¤©çœŸãƒ,2,45,10,333
5ac36a06e8ac2b6cb17d5ffe,DekuğŸ‘¾,0,45,12,704
5aded7c24eacab093c091ce1,ç¾ç¾å®‰çªæ‹‰,1,7123,4,110170
5954f66a82ec393f54762896,JESSICA NINA,2,4907,89,5199
5af2e6bb11be1031b1c2cafe,æˆ‘çš„æ—ºä»”å•¾~,1,5528,1,89535
5657fcb2f53ee05e237b4a87,Mandy.Fæ…¢è¿ªç¿»ç¿»,1,21,10,300
5997079750c4b434ec3f0c3c,å•Šæ‰£_5998669F,2,7,18,9
55f978e0c2bdeb74abda583e,ğŸ€â›„lulu_FANâ›„ğŸ€,2,35,12,188
5aae44474eacab2062859a49,æš´èºå°‘å¥³Sss,1,3,12,39
5b0573874eacab38723eef33,ç´«å‡½,1,13024,8931,21666
560ab1f7484fb6356bee50b4,ç’ç¼‡å®¢ç²¾å“é…’åº—,2,2467,9,13037
596d71bc82ec397a376079bf,ğŸ€fairyğŸ€,2,613,171,6180
596f36fb6f02d66d8476d876,å¯çˆ±çš„é™å§å§,2,11,12,4
59ac091382ec394294abfd9b,å°åœå©·å„¿,2,1,18,16
56b4cd83b8ce1a6d53d160e5,é­”çŒ«è‰å¨œLina,1,179071,674,100095
5a41fca411be1054aa9d402e,ä¸åŠ¡æ­£ä¸šçš„ä¸‡å§,1,274,59,5091
56d1a1c14775a767153e8738,ğŸ’¬æ•æ•æ•æ•æ•æ•,2,7,1,31
5a37b7884eacab4329ac6e2c,ç´§ç´§,1,26,70,451
589c407550c4b42f0a245a87,çŒªçŒªå°‘å¥³Yukié…±,1,2265,30,18484
59e7106a11be1017b74d9f70,å¤§è¯­å“¥,1,159317,286,834102
5b02651511be103d34b476e8,Volcam,0,930,0,2486
5ad5eabe4eacab7516dbc494,é£æœˆè¿œèµ°,1,13801,9233,32499
54ec6dd3e7798948a7e54aad,è¡Œèµ°çš„å¤šå·´èŠ±,2,11,5,34
56dd1a5f4775a71cf4b7a936,å…”å°å§çˆ±åƒè‰,1,3869,98,19224
5b04c6d1f7e8b97c2989a218,ç™½æ—¥æ¢¦æƒ³å®¶,2,4300,58,40749
5b34b14b11be1036b95ffc51,ç¡¬æ£®æ£®,1,388,16,7309
5966c29850c4b42d0845703d,æˆ‘ä¸ºè°å¿ƒå®‰,1,7421,6899,12357
584f9c5150c4b4682c4ce765,æ‰¿ç‰›SOMENEW,2,6545,14,59123
5951c6766a6a69616d176af5,å†°å†°ä½™å†°å†°,1,4,7,6
58c618916a6a697cb40c8482,å¤äº†å¤å¤©çš„è¥¿è¥¿è¥¿ç“œ,1,20,2,153
5939496582ec395172150f2d,LmermaidğŸ‰,2,2,25,20
5b0f35e2e8ac2b3d18b0fb51,ç»‡ä¸ƒå„¿,1,4,23,52
591716b282ec395d734a4e33,ğŸ“KEIKOæƒ å­,2,614,19,5753
598838335e87e728d7ad5616,Siriå¦ˆå’ª,2,5,21,18
56dcd49084edcd4df0b366f9,æ—å­ç†™,2,12576,129,112457
5a4af630e8ac2b32542c7c0e,å¥¶é…ªğŸ§€,1,943,242,2237
5b41bee711be103884ab69d0,fancy,1,1,3,2027
5b2d8c644eacab05d1161cba,å®å®,1,3,12,7
56f40166aed75831c6d37624,æ©˜å­è‰è“è¥¿ç“œå‘³å„¿,2,289,132,5786
53ba8cb1b4c4d66b5b77524a,DivideWang,2,5,10,0
584ed36382ec39362c431dc3,å¥‡å°é±¼åœ¨æ„å¤§åˆ©,1,366,24,3546
5af11cee4eacab6dfd942895,äº”å—é’±,0,173,28,1325
591a461a5e87e72aa9829b32,æœ±æ™¨Joyce,1,1628,2,309
55b8972462a60c40a986c76a,Avaæ˜¯å°ä»™å¥³,1,29693,82,62555
5ad1a74c4eacab0589aa2b58,ã‚… ç±³ä¿®ç±³ä¿®,1,117,87,34
55718d4833f60c69b2bf52fb,vancingèŒƒä¸ç›ˆ,2,0,0,1
57fe0fa882ec397080aad17f,ä¾è“ä¹‹å®¶,2,4561,1,42871
5742df1d5e87e73958d05d0c,ğŸä¸‰æœğŸ,2,71,7,684
58dcccbc6a6a6964ae611c05,èŠ±æ¸£æ¸£,1,2144,26,542
5ad1f0e111be10072542b15b,å¦‚äº‘,1,7,9,1
57a350f55e87e7116cbe1d53,Geniuskris,1,12,41,7
572049af84edcd0d2c3deff5,VERAWANG,2,274,1,3623
579040f16a6a692757ecbeb0,ğŸ·çªçª,1,36,37,81
5a4f633de8ac2b03c62dc48e,èƒ¡äºº,1,4,26,1
5b1643ca4eacab6e54ca74cb,æ½˜æ¸…ç…§,1,131,0,2729
5ad3b6484eacab6f5ae4238c,ğŸ’•çˆ±è‡­ç¾çš„codingå°å§å§ğŸ’«,1,2,3,10
5b1f221d4eacab4a1dd6dd67,å°‘ä¸€ç‚¹å¤©ä»½,1,230,159,518
597b380b82ec394a8973b237,æµ·ã€‚é›¨è¾°,2,20,14,57
5964ddee50c4b452eec7a2c6,æ—…æ‹æ‘„å½±å¸ˆå…³é‘«,2,130,0,837
581005b95e87e73cfa8038bf,è‹ç‰ç‰-,2,4165,38,12372
59f7f360e8ac2b78109a81d3,-CeciliaWrong-,0,9135,0,112467
5ae144944eacab328f3bcec7,longtimenosee,1,6,1,84
593a6d6950c4b461f10c391b,VencyğŸ™ƒ,1,1489,111,5797
570a33ab4775a74f390f8036,æ°´æ¯æ¯,1,322,22,1573
59f4a81b11be105c1c240c56,Karen.W,2,5,67,1
5785d5506a6a6974da3cad72,è’‹å±å£³,2,18,50,28
5a9cd85f4eacab0e1a9a3856,æ‹æ‹å¤§ä»™å¥³,1,1134,118,12152
588a2bf450c4b4505b32f746,Vanessa___W,2,55677,42,31534
5a49b2cce8ac2b15e76d1d9c,Cyndi,1,859,31,5289
559755d93397db56599f8870,è‘£ç˜¦ç˜¦ğŸŒ,1,464,87,8289
5651c6cd62a60c2f402300a6,JILLEI_0809,2,10,3,1
5aeacca411be107dc43f354e,åª›åª›,1,0,13,7
5acee0fb4eacab33064c5566,å›¾è¯´ç…§ç›¸é¦†,1,45,17,415
5af4f8054eacab329248e03b,å’–é…±,1,12,12,14
5b0d23284eacab29db54d96f,ğŸ­æµ·å²›å¦¹çº¸ã€‚,1,1759,0,10941
5791de9482ec39046fdc65e7,iam_147,1,852,34,5773
5a1846d64eacab7efcfcf30b,Miss You Yo,1,440,0,2942
5a259e7f4eacab1a28306883,ğŸå°æ¢¨å­,2,29,92,24
5747e6f65e87e70309e90da6,LyraLiu,2,286889,168,235258
56aa3d5b4775a71cd4f17211,æˆ‘æ˜¯å•Šå‘å‘€,2,4025,41,11376
5481b01bd6e4a96900ed61d0,çˆ±ä¹°ä¹°ä¹°çš„misså¼ ,2,285,10,2864
551a32ae2e1d935241484ebc,yushine,2,3624,48,37315
59dcb54051783a1fedd0cfbc,ï¼ æ‹çƒ‚ç‰‡çš„æ‘„å½±å®¶,1,531,0,13158
5aab19fee8ac2b0c38e04b26,ç¶ èŒ¶æ¤°èœèŠ±å°å§,1,17441,143,121231
5b34422811be1007a1b4b7f0,çˆ±ä½æ°‘å®¿çš„å°å¯çˆ±,1,72,11,931
5aa878afe8ac2b56813d24c4,è‹±ä¿Šçš„CEOæ™ºå“¥,0,119,0,3401
59adeeda5e87e756e3099162,å©šçº±é›†,2,138646,30,450892
56534acce00dd84531dea848,å§šå®¶å˜‰æ€¡,2,114,28,1864
5a46e6d6e8ac2b05170305b4,æ¢¦å°é©¬å„¿,1,4172,56,21573
565863aba40e182d0d81e38f,chanbolang,2,4,26,13
57a813765e87e756f0be1db8,Nobibiï½,2,755,75,6110
59a2e5a75e87e7629dd7a6e4,é²¸é±¼å°å§2333,1,85,26,2153
57ac3ccd5e87e7249bb1456f,wwwoke,2,22,18,96
5a9b5f8f11be1045ebd2e8fd,åæœˆ,1,806,4,10351
59630e3e5e87e732d79c1a5b,æˆ‘æ˜¯å±å±å±,1,1536,57,13945
564fb117b7ba221fa4037426,å°Aå®¶çš„é¥­å›¢,1,306263,32,122920
59ee1115e8ac2b030870dd0a,yanling,1,8,70,13
58b549945e87e74ce29b6823,ç‹—å“¥ğŸŒš,2,5302,58,32829
5a65981d11be1045c8e1efb5,Sugar,1,4,13,2
5b3dc1f7e8ac2b2abdc19b32,èŠèŠå°‘å¥³é…±,1,11,0,597
598421386a6a6928cd052565,é™ˆå°ç†™,1,298322,232,100394
5481c609d6e4a97d88e045b3,Sylvia-,2,85330,306,326917
5a9bb39811be1071598c7926,æ±ªä½³,1,7,5,2
5a8eb824e8ac2b0ef10b7db8,å°å¤•å§å§,1,1267,46,8957
5b20bb2d11be101fad192145,å®¶ä½é­”ä»™å ¡âœ¨,1,3689,45,29192
56c51ff1aed7581d118f26de,æ˜¯ä¸¸å­å•Š,1,1069639,220,427960
541edcc0b4c4d6317a8fa7ab,å°ç«¥ä»”,1,171,8,3556
5ac8684e4eacab3dc0886b7b,å†°æ´,1,13,0,130
58afc3d46a6a694ae8c9c064,è½¦å˜å­å‘³å„¿,2,2599,55,32565
556be3afe4b1cf6612252e59,cronynb,2,3038,14,45312
56270e1082718c3e41852439,æ…ˆäº¬,1,23,62,5
5ac84fce4eacab38256001e6,ä»”å¦ˆç§å¨,1,13732,41,152494
55759031484fb67ec000d351,å°åº·åŒå¿—,1,41,18,965
5713807084edcd0165e450f6,å‹ºè¯-,2,183,47,3275
5b193306e8ac2b4db57d67b2,é˜¿æˆˆ,0,269,9,4140
5aa0b54911be103591d7a033,å¼€å¼€å¿ƒå¿ƒ,1,10,22,87
5b3e3f774eacab337bdac423,æ”¾é£æœ¨æœ¨,1,23,4,319
59d75f4c20e88f120777a34f,è´å„¿,1,706,263,7372
566fc761cb35fb4d8a3bb805,å°å°é…¸æœå„¿,1,24,31,92
5afef6364eacab42bd4bf1e1,å°çº¢è–¯_8780,0,12,43,52
56587ca8e00dd821c70ac768,ChiangE,1,33,41,382
5b2e02e6e8ac2b508a1fe707,åˆå¿ƒ,1,303,0,3696
5b27c6f111be1052db3ba41d,å°å®œğŸ’•,1,99,177,1135
5841302582ec391d0137419a,æ´¾å¤§å¿ƒbaby,2,5825,38,52265
583544f66a6a694975a787f1,trying_583662DF,2,11,24,8
5a0ec90111be104bfbdf6037,è‚ï¼ˆå¤§å¤§å¤§ï¼‰å€©,1,716,33,5531
5ac86dd411be102f91f598a5,æ‡’é£Ÿè®°å–µå›,1,12989,10,23378
58e2650882ec392aa1ed88d7,Teemo,2,23,35,47
5a5a07b1e8ac2b041b2f9297,ä¾¨å„¿,1,3,5,0
55290828b203d960b2da3bb3,å°§å¤©Krystal,2,1465,69,20195
56a480f782ec391aec13b6cc,å§šå¹‚å¹‚å¤§é¢å¤´,2,33,4,120
5ad4a2584eacab5cd3ebdda9,é¦‹å˜´æ–°,1,1939,8,12796
5b0dfa9de8ac2b18669bff78,-å¼ å‡Œè²,1,7,4,47
5adf47d64eacab34c9a2dc0b,é¹¿é¹¿å‘¨,1,3865,155,14709
566c1d520cdc2b0e8e9ea817,MandyéŸµ,2,23,11,123
583682bf7fc5b80d12163f23,ä½ é«˜å…´æ‰€ä»¥æˆ‘å¿«ä¹,2,9,24,0
586504397fc5b87f38877aab,Jacksonçš„å°é±¼ç³ğŸ’,2,20,57,0
5b28f7d14eacab71b5a99a2f,å¤§è‚‰ä¸¸å­,1,6,3,49
54e9d73ae779892971b58810,å…‹é‡Œæ–¯å…œ,1,139,37,936
5b3c9fe4e8ac2b204550c6fd,é‚£äº›å¹´,1,420,4,2767
5abb2f3e11be106ffbba884a,æ˜¯çªå¤§ç‹å•Š-,1,3047,0,51670
56021bee41a2b338f505ac12,1198089769,1,68,21,533
56585eb5447608146c0b4932,å‡¯å‰,1,10,2,69
5accd81311be102c9261decd,çš®å„¿å“å®å½“,1,872,3,17075
57e5c32750c4b47046276215,å´å°å°Sharon,1,4867,60,35442
59abdfda50c4b44587dbe03b,å¹²å‡€åƒé£,2,2,20,38
5ac436fd4eacab5857046612,lianağŸ’“,1,59,61,258
5630f7b503eb847477af93e7,iszph,2,3081,33,18800
56737877b8c8b442bd4166d5,æœºæ™ºå°‘å¥³è™«è™«ğŸ›,1,21770,394,152798
597157e45e87e737228e9e61,MYğŸƒå½³+ä½™ğŸ’¤è‰¹+æ˜ğŸƒ,2,22,14,160
59d762ad20e88f1d97508088,Zona_zo,1,19695,84,42381
59f53b72e8ac2b7f13288fa3,æ˜¯å°è±†ä»”,1,12163,57,108559
571621b31c07df63b14c4a6b,ğŸ’‹sevenÂ°æ˜”å¹´ã·âœ¨,2,11,27,9
59a4f6816a6a694cc01713df,å•Šå•Šå•Šï¼æˆ‘åœ¨å•Šï¼,2,6,15,74
5a91334b4eacab4ab53ff4c2,Bunny chou,1,4,40,14
5992aa4650c4b45e52a01a72,å°bobo,2,828,78,3565
5b1df992e8ac2b7e4ced6481,ZZä¸å½“åˆ†æ¯,1,244,17,3284
5b0a3c064eacab67518a3558,ğŸ¦„ä¼´,1,1,16,3
59f72772e8ac2b1c2f64765f,é±¼å¤§ç‹,1,2,57,2
5aab978311be1040782618c7,è·å…°é‡æ¨¡,0,116003,19,13118
5a8563cde8ac2b34e9529c31,hsuiwaiying*,1,10,44,2
5a142ff9e8ac2b43a171d21d,Falkpig,2,11,40,487
57aaf5956a6a690b59a73cbc,å“å‘¦å“¥å“¥,2,2521,2370,7376
552349fcb203d9750eaf2b3d,æ¡”å°åŒ—,2,60,11,3159
544a11c7d6e4a97424d4cab8,å­£ä¸‰å²Yuxi,2,172,35,2610
5a770bdd4eacab44c980e168,çˆ±æ•·é¢è†œçš„å°ä»™å¥³â˜ºâ˜º,1,30,181,63
56f639a984edcd1fd78e6018,è¡Œèµ°çš„è¾£æ¤’ğŸŒ¶ï¸,2,17,32,55
5b4237a64eacab077784e1bb,sogoodsoymilklite,1,2,2,5
5ae40b5ee8ac2b702a820c27,æ—æ™¨ç†¹,2,23,51,165
5b28d40be8ac2b70f4ab0051,èµµå©§å½¤-JaneTung,1,205,2,559
5b08101c11be105a1003565e,æœæœå¦ˆçˆ±ç”Ÿæ´»,1,5,35,0
5b2b25f34eacab6690424f24,å°ä¹”ç”»ç”»,1,104,11,216
569b40666a6a696cbf80103e,æˆ‘æ˜¯å¯’å¯’,2,863379,93,761154
593182806a6a69733aa3edf8,è’‹å°ç›†å‹,2,1519,16,6774
564480c19eb5785bc043b7bc,SugarTown,1,23936,121,192702
54ba1de32e1d9353c908ebe3,éƒ­ç¾ä¸½ğŸ’“,2,57,12,890
5b21beaa4eacab5136e9c88d,LLLXXXNNN,1,0,1,1
5acd81d74eacab12fa32db88,æ³¡èŠ™å‘³çš„å°å§å§,1,3,63,24
5a3fbc08e8ac2b1e95071a53,âœ¨å®ˆæŠ¤æœ€ç¾çš„å°æ˜Ÿæ˜Ÿâœ¨,1,529,2,4556
56403df0e4b1cf34b102c7c4,é™ˆè€³æœµè¿™ä¹Ÿè¢«æ³¨å†Œ,2,16,39,37
583652ac7fc5b851bf4e6349,âœ¨âœ¨,2,14,13,173
578d9bd382ec3957626c5e6a,ä¾ƒçƒƒ,2,817110,267,251533
5919b7ea6a6a694354ae25fd,AmyìŠ¹ë¯¼,1,33471,24,151608
5b337174e8ac2b4c65088628,å¤§è„¸èŒå¦ˆå¦ˆ,1,81,4,1131
5655379c03eb8439f9e749c0,katherine,2,4,8,4
588f55eb5e87e73eb271343c,è½¯è£…è®¾è®¡å¸ˆè‘£å©‰è£,2,69,0,429
549f6b4fb4c4d612c45dd09e,Moså°å§å§,2,11,8,65
59fe9dc611be103fe43e8b46,å®Œç’§å…ˆç”Ÿä¿®æ¡‘,0,7249,39,28795
5b0bc16311be100b621ae775,çŠå”,1,714,8,2565
57a21e9e5e87e74c9b35fda0,ç©—æ³¢ç‰,2,36,6,315
57e271665e87e7646b0fc1b6,feifeibb,2,4469,22,61090
5b3f64f911be101f691c5d20,hoyiæ€¡å®,1,8,5,85
5a8fe01e4eacab2f38a18d46,è‘£å°è¶Škuma,1,12915,121,74025
5a26c70911be106094d2bb6b,ç»•å•Šç»•å„¿,2,638,64,7993
5af191b24eacab2ad85b96bc,å°çº¢å¸½yan,0,8,11,65
5a7086e74eacab749db07b93,Ree,1,5,11,42
5483b46d2e1d93358e1d192c,ç‹æœ¨æœ¨,2,9,15,7
5b0416d44eacab194ac9e56a,ç‡•å­,1,7459,10919,5769
57877554bd0da529d9190975,å¤©ä½¿çˆ±å°ç‰,2,102,232,1179
5767b3a66a6a6958b0f21a95,Miæ–¹ğŸ¿,1,301,78,3317
5a5c588811be1064506d763b,jjjustin0219,0,686664,5,1152240
58344dd75e87e7686d56b539,CHÃ©rie,2,33,39,40
570276471c07df0626da89ba,JUNEå›å®,1,956,53,14880
5b2a3af64eacab7f54f7681a,å½±å­å›Kiro,0,0,2,10
5483a6852e1d93358d1d1f02,â€¢jingâ€¢,2,9,36,3
5a71c83ce8ac2b62bdd24ce4,å°å°å°å‡¤å°¤å…‹é‡Œé‡Œ,2,1133,22,1736
5ada8fb011be10667e09e5fc,ç‡•å­sxy,1,804,7,2925
5b371501e8ac2b7531202ca3,ç‚yanalion,1,8,16,102
566bec5e589de368e3e0d7b3,è±†è±†å°å§ğŸ¦–,2,54,14,209
59f4273211be10521d9ed777,ç²‰çº¢ç²‰çº¢çš„ä¸€å¤©,1,135,20,2684
557113c262a60c3cd12b5edb,ç‹è¥¿å­,2,32,5,55
5af52cb811be103925a31f0e,æ¢¦,1,97,173,17
5433f68d2e1d934278101aca,ç–¯äº†éº‹é¹¿_,2,3223,11,6274
5b2372e6e8ac2b034b8d857e,é˜¿å¾·ç¦å­ğŸŒŸ,1,706,7,8011
5acf685f4eacab786f361e8a,wynä¸€ä¸ªè¶…é…·çš„å°‘å¥³,1,1889,100,21873
5982afa76a6a694c6205262b,æ©˜å­å¾ˆå¼µ,2,408,2,4290
5aa51d5fe8ac2b375e7c3588,ElfHuang,1,481,36,2113
5af4fdde11be101ad752a275,çµèˆ,1,14,34,3
5b053f9a4eacab1f3a62b901,å—äº¬ä¹ç›å©šçº±æ‘„å½±,1,241,66,2681
5ae7013be8ac2b3234283f9b,å°å°å¥½å‘³é“,1,1115,67,13337
55558ab4e58d1326b779af35,æ™—å“¥,1,49,2,14
5b263b044eacab2d8b0dac1c,æ™šç§‹,1,26,14,70
5a0332a111be104c67ed21dc,lynn,1,83,56,250
554c407c4fac630575c66053,å·¾çº¸,2,160,39,4410
59268bd95e87e75fbaa3da2d,Xxsæå–œå„¿,2,20,52,159
58b6841150c4b4244925e74f,ä¸€å…œç³–å®¶å±…APP,1,15341,16,93010
5ab062164eacab1c22debffc,Mr_WUå´,0,73,103,40
586c84476a6a694c1f429338,é­šæ—¥,2,10713,58,73089
5b2338144eacab52f375046a,æ³¡æ²«,1,13,22,59
56f3c8801c07df7c03ae209c,å¾—ä¹‹æˆ‘å¹¸ å¤±ä¹‹æˆ‘å‘½,2,5,12,7
5a64d5884eacab7ab81102d4,Belle,1,59,7,252
5a7bf0e111be105b172a59ec,æ¢¨æ±è‚¥è‚¥,1,11,1,95
5b3730a04eacab727ad54686,æ—¶å…‰å¾®å¾®ç”œ,1,608,0,6651
58e045255e87e75c40e7d9a1,å°åŒåŒJodie,2,64245,146,92216
596eb0ae5e87e715021bfd26,å…ƒç´ ç¢ç‰‡,1,180,25,3326
5a6226c14eacab05d4321d11,JinG,1,33,41,753
59f0922011be103540af665f,Alice Cullen,1,2,71,7
5a94eba711be102dec8db187,å•¾å’ªï½,1,3015,59,8127
5b05fb624eacab78a649aad1,Red,1,2,2,8
